Order Index,Order-in Time,Rider Index,Rider Arrives at Restaurant,Order Delivered Time,Waiting Time,DT,Time taken before delivery
0,25,29,155.24976007655445,807.4856158714982,782.4856158714982,,
1,55,27,206.40013210033868,1166.2504278726815,1111.2504278726815,,
2,88,8,158.178344238091,1244.6830336915255,1156.6830336915255,,
3,131,6,254.97580409095963,1477.1561498774904,1346.1561498774904,,
4,162,23,278.8246549320819,851.8943824718764,689.8943824718764,,
5,197,18,264.1192967781993,1127.384624339572,930.3846243395719,,
6,227,0,397.4259369931701,905.2304288624318,678.2304288624318,,
7,255,10,365.8602724153247,1186.94125986385,931.9412598638501,,
8,276,16,340.0312423743285,1374.0090360626,1098.0090360626,,
9,304,13,541.7940285204825,1241.9230681678894,937.9230681678894,,
10,331,14,472.65097952361646,1297.6769695522205,966.6769695522205,,
11,368,9,542.5222048909536,1554.9727421269235,1186.9727421269235,,
12,404,2,507.84603988597735,1665.3274529308458,1261.3274529308458,,
13,441,1,609.2379267585047,1490.9644430396695,1049.9644430396695,,
14,478,15,592.9347641055568,1271.8891435846783,793.8891435846783,,
15,517,12,688.6770223413722,1465.1063056021824,948.1063056021824,,
16,551,23,779.7887649437528,1706.376074746579,1155.376074746579,,
17,586,0,804.3771688123807,1383.5347497614339,797.5347497614339,,
18,608,19,854.6292764454374,1765.366127424335,1157.366127424335,,
19,633,22,913.0607077045975,1295.769419305901,662.769419305901,,
20,664,25,945.1138559374119,1614.051424793558,950.051424793558,,
21,695,7,877.4773958604188,2030.0108842731515,1335.0108842731515,,
22,728,20,916.8623837612986,1500.3861943428185,772.3861943428185,,
23,770,15,921.0189984575602,1549.4590635563745,779.4590635563745,,
24,799,22,1200.4299440749282,1877.1391010992513,1078.1391010992513,,
25,837,4,1140.764711577892,2103.0127626404765,1266.0127626404765,,
26,865,5,1098.452350598575,2044.4290293038484,1179.4290293038484,,
27,895,29,1014.4738465104392,2051.428791490879,1156.4287914908791,,
28,923,26,1163.634577731464,1907.6296920415791,984.6296920415791,,
29,953,20,1085.9247907653046,2401.0094339097886,1448.0094339097886,,
30,980,12,1115.771867483658,1927.3326935374785,947.3326935374785,,
31,1015,10,1323.7086004632847,2375.553088219356,1360.5530882193561,,
32,1049,14,1139.9340420304738,2127.774477181063,1078.774477181063,,
33,1074,19,1272.8866883648013,2411.642063096739,1337.642063096739,,
34,1104,13,1362.7856255668,2409.6939846704095,1305.6939846704095,,
35,1139,21,1247.0462863776447,1979.1041440708593,840.1041440708593,,
36,1158,16,1481.6309626719917,2706.574193197348,1548.574193197348,,
37,1195,21,1279.9058301885095,2325.9105386032566,1130.9105386032566,,
38,1223,8,1414.8462926407492,2587.3585546064096,1364.3585546064096,,
39,1261,26,1508.8245347014697,2539.2307866795786,1278.2307866795786,,
40,1288,25,1737.6676550520394,2586.1009955586655,1298.1009955586655,,
41,1312,5,1417.6834897228512,2757.4797454699906,1445.4797454699906,,
42,1348,1,1457.1787525116495,2700.3310441554304,1352.3310441554304,,
43,1379,2,1534.0774000297915,2909.33004896112,1530.3300489611202,,
44,1400,9,1689.401105733893,2251.0179276466124,851.0179276466124,,
45,1423,6,1682.9423012901132,2776.071709732878,1353.071709732878,,
46,1456,15,1926.6592756453924,2245.8437096365465,789.8437096365465,,
47,1489,28,1739.2818411311537,2381.959041505805,892.9590415058051,,
48,1516,28,1783.1666146808018,3014.720201174982,1498.7202011749819,,
49,1536,18,1682.4923206178398,2455.3634293403047,919.3634293403047,,
50,1567,4,2215.990754941856,2528.237452282276,961.2374522822761,,
51,1595,7,1740.8800877433243,2526.096662622866,931.096662622866,,
52,1620,0,1965.3071096864355,2406.8073874342235,786.8073874342235,,
53,1652,24,1792.0142849854972,2538.295302092088,886.2953020920881,,
54,1676,24,2049.7378760575384,2908.487154019748,1232.4871540197478,,
55,1704,27,2018.803113072282,2849.0110090631197,1145.0110090631197,,
56,1733,14,2255.4609703268575,3291.006246885834,1558.0062468858341,,
57,1766,22,2192.7926897218367,2694.8768766575113,928.8768766575113,,
58,1795,23,2211.4816922747027,2829.0737264566933,1034.0737264566933,,
59,1829,15,2406.6417195744807,3530.4874125945157,1701.4874125945157,,
60,1860,17,2364.016864797201,3236.6608011223434,1376.6608011223434,,
61,1888,17,2720.005408636266,3047.6103536538894,1159.6103536538894,,
62,1926,12,2190.0700664596425,2962.405774480586,1036.405774480586,,
63,1956,18,2047.4439719172346,2863.546744414569,907.5467444145688,,
64,1987,11,2020.970575502926,3528.936834400269,1541.9368344002692,,
65,2009,11,2300.398352775029,3402.1015067442504,1393.1015067442504,,
66,2038,24,2431.553938187808,3657.8724411505436,1619.8724411505436,,
67,2068,9,2414.0231206147937,3227.151142357771,1159.1511423577708,,
68,2094,21,2621.5755870015214,2931.413142011979,837.4131420119788,,
69,2129,3,2264.9154148726334,3355.386462178103,1226.386462178103,,
70,2160,3,2807.4079085090016,3016.8762832102916,856.8762832102916,,
71,2187,13,2512.4552941656816,3642.6921431771234,1455.6921431771234,,
72,2219,0,2630.1265012134345,3665.763249084418,1446.763249084418,,
73,2255,25,2502.135590314305,3000.248063670398,745.2480636703981,,
74,2279,3,2571.4414471308746,3756.2434097786086,1477.2434097786086,,
75,2306,4,2618.2466973404203,3458.767582262202,1152.7675822622018,,
76,2334,26,2716.227680839575,3204.1740179958097,870.1740179958097,,
77,2364,10,2553.171879517015,3809.8616908218505,1445.8616908218505,,
78,2393,20,2802.2065493122027,3400.1068655770864,1007.1068655770864,,
79,2422,27,2515.4719209174605,3985.504540726197,1563.5045407261969,,
80,2452,7,2916.6170466093554,3438.038858147726,986.0388581477259,,
81,2480,8,2677.559957826882,3675.580135199771,1195.5801351997711,,
82,2509,17,2863.876099793856,3482.432966650391,973.4329666503909,,
83,2534,28,2782.2438317461283,3882.972629673475,1348.9726296734748,,
84,2567,1,2845.5121182282737,3563.82867839913,996.8286783991298,,
85,2588,12,3015.3911679170687,3804.7715037146077,1216.7715037146077,,
86,2621,5,2983.3777413525377,3724.324433318903,1103.3244333189032,,
87,2637,25,3234.630664555655,3746.4004840226216,1109.4004840226216,,
88,2660,22,2822.68078613637,3404.5926668963048,744.5926668963048,,
89,2690,16,3249.2012160215677,3708.2738337500923,1018.2738337500923,,
90,2719,21,3045.8409666980738,4208.033977738959,1489.033977738959,,
91,2755,6,3358.075451332584,4022.9318268002485,1267.9318268002485,,
92,2780,18,2975.862196454548,3791.325904849184,1011.3259048491841,,
93,2809,2,2862.851648071345,4418.757396605739,1609.757396605739,,
94,2832,11,2978.223986907898,4024.1620473784333,1192.1620473784333,,
95,2856,26,3239.2465487638046,4375.916289895154,1519.9162898951536,,
96,2886,1,3456.6132950014485,4394.903144318467,1508.9031443184667,,
97,2912,14,3489.243478504922,4266.359413916565,1354.3594139165652,,
98,2936,29,3638.926027402599,4236.0675516663205,1300.0675516663205,,
99,2966,23,3132.0030120208667,4333.845036449413,1367.8450364494129,,
100,2989,19,3454.537323960174,4208.158299629424,1219.1582996294237,,
101,3018,9,3606.1662612782984,4269.29856576298,1251.2985657629797,,
102,3058,7,3581.084089111714,3935.3629899292096,877.3629899292096,,
103,3090,29,3606.2216627645544,4395.924505437211,1305.9245054372113,,
104,3113,17,3619.7865250316718,4547.123186043913,1434.123186043913,,
105,3143,22,3564.7457186936404,4693.837180838926,1550.8371808389256,,
106,3169,20,3495.1888774953554,4476.0894193840095,1307.0894193840095,,
107,3207,25,3857.800663555691,4547.470123700023,1340.4701237000227,,
108,3236,15,3586.3891120320104,4852.8446649288435,1616.8446649288435,,
109,3268,4,3778.2262852913736,4541.652019788955,1273.652019788955,,
110,3299,0,3807.478703738169,5024.717298029773,1725.7172980297728,,
111,3335,3,3897.4230588687915,4665.700177301074,1330.7001773010743,,
112,3358,19,3712.2926936536805,4783.199674818421,1425.199674818421,,
113,3386,27,3991.9199784868415,4835.00085095662,1449.0008509566196,,
114,3411,8,3955.5390607585036,4651.521620008245,1240.521620008245,,
115,3445,16,3747.863086887829,4589.091546062044,1144.0915460620436,,
116,3475,24,3980.7671608348396,5121.528043807066,1646.5280438070658,,
117,3503,5,4011.827476781055,4921.890329266789,1418.8903292667892,,
118,3536,18,4062.4454806598733,4611.365424822397,1075.3654248223966,,
119,3558,11,4156.600712427579,5241.3176193374,1683.3176193374002,,
120,3581,13,3861.6213554810092,5242.926615688444,1661.9266156884441,,
121,3606,6,4201.486381432759,5322.093458340314,1716.093458340314,,
122,3630,28,4065.200790084702,4917.579077467697,1287.579077467697,,
123,3664,7,4297.677770196314,4782.769537942798,1118.7695379427978,,
124,3688,12,4077.6982338089683,4990.713480364173,1302.713480364173,,
125,3718,23,4144.969079294469,5013.404653948392,1295.4046539483916,,
126,3749,10,4263.062253039454,4637.7836560472215,888.7836560472215,,
127,3791,26,4528.991434840374,5254.498414231946,1463.4984142319463,,
128,3827,9,4455.182938425127,5705.634622620509,1878.6346226205087,,
129,3858,21,4391.328822183641,5131.819400511511,1273.819400511511,,
130,3891,1,4537.9346093882195,5445.796701602223,1554.796701602223,,
131,3928,14,4709.09861480124,5414.975855522174,1486.9758555221742,,
132,3962,2,4661.295640377513,5519.886691365938,1557.8866913659376,,
133,3996,29,4582.742598779371,5132.957348215868,1136.9573482158676,,
134,4022,20,4894.860239761934,5666.117384822937,1644.1173848229373,,
135,4059,16,4792.836484649484,5600.198588083948,1541.1985880839484,,
136,4088,17,4948.303943309264,5208.417557726801,1120.4175577268006,,
137,4125,4,4630.792358581221,5798.682460484057,1673.6824604840567,,
138,4154,18,4854.110146701164,5489.259289454201,1335.2592894542013,,
139,4182,25,4664.747572512657,5746.546913435695,1564.5469134356954,,
140,4203,10,4883.985952468327,5676.797342502056,1473.7973425020564,,
141,4226,19,5028.026143975659,5676.283280637648,1450.2832806376482,,
142,4255,15,4938.646762805294,6271.055517949017,2016.0555179490166,,
143,4291,8,5090.998581861764,5964.0614434567315,1673.0614434567315,,
144,4321,27,5212.93470760352,6375.6527525652855,2054.6527525652855,,
145,4352,3,4824.989222749906,5397.957502239998,1045.9575022399977,,
146,4380,22,5298.5296646685165,6147.28699158829,1767.2869915882902,,
147,4408,29,5277.096170189686,6195.71538434274,1787.7153843427404,,
148,4428,7,5030.1760859563865,6025.415630282898,1597.4156302828978,,
149,4471,28,5369.749399359791,5686.199953992521,1215.199953992521,,
150,4499,5,5392.451696146817,5835.351650644722,1336.3516506447222,,
151,4531,17,5269.711929409688,6774.492089013078,2243.492089013078,,
152,4565,23,5208.817038407515,5969.950583668533,1404.950583668533,,
153,4593,12,5163.831936919215,6574.507157920601,1981.5071579206005,,
154,4625,24,5530.392324467532,6377.854944063332,1752.8549440633324,,
155,4650,0,5415.114531626528,6122.493352094249,1472.4933520942486,,
156,4676,14,5447.224886515369,6857.325545377878,2181.3255453778784,,
157,4714,11,5285.49906340615,6413.139269854412,1699.1392698544123,,
158,4749,13,5495.031752486567,6523.543982495963,1774.543982495963,,
159,4781,21,5610.300330121041,5846.361969017722,1065.361969017722,,
160,4817,6,5748.61661128749,6656.979844117054,1839.9798441170542,,
161,4841,26,5473.427626535832,6256.383970080872,1415.3839700808721,,
162,4874,2,5666.886691365938,6461.778487114241,1587.7784871142412,,
163,4904,1,5473.9569572828805,6353.110873094525,1449.1108730945252,,
164,4938,18,5517.437295061412,6833.749047610752,1895.7490476107523,,
165,4972,5,5904.554251751906,7404.688021570728,2432.688021570728,,
166,5004,10,5890.3880726379875,7222.222114760537,2218.222114760537,,
167,5033,3,5738.970698465599,6461.453996293621,1428.4539962936205,,
168,5063,4,6008.8347861909115,6559.14429395233,1496.1442939523304,,
169,5085,28,5761.366435884385,6829.2008748020535,1744.2008748020535,,
170,5109,20,5835.078918906882,6336.828062941592,1227.8280629415922,,
171,5140,16,5745.198588083948,6998.592601087553,1858.5926010875528,,
172,5177,22,6260.432915067663,7633.4681243145515,2456.4681243145515,,
173,5205,21,6057.3714474778135,6627.46967178047,1422.46967178047,,
174,5240,7,6264.716695888548,6872.939366518435,1632.9393665184352,,
175,5258,19,6070.897015826884,6501.9068609655915,1243.9068609655915,,
176,5281,25,6117.041177898724,6640.257655493251,1359.2576554932511,,
177,5305,9,5894.168439215835,6829.897915251225,1524.8979152512247,,
178,5335,23,6340.247761621593,7010.782751278838,1675.782751278838,,
179,5359,29,6303.757042974955,7235.453943034152,1876.453943034152,,
180,5379,20,6366.238945281298,7351.981046792124,1972.9810467921243,,
181,5415,0,6402.864534636249,7259.985677620855,1844.9856776208553,,
182,5455,26,6539.1029117880025,7583.289741140643,2128.289741140643,,
183,5479,15,6536.1913322027685,7540.402214362766,2061.4022143627662,,
184,5504,8,6447.259125570377,7419.337422308003,1915.3374223080027,,
185,5545,1,6454.323520525565,7280.208717783236,1735.2087177832364,,
186,5586,27,6733.452976153812,7408.330461720726,1822.330461720726,,
187,5611,2,6714.968139351453,8002.45909178301,2391.45909178301,,
188,5640,21,6808.577374543218,7797.413528664637,2157.413528664637,,
189,5667,24,6496.38763997463,7587.545029270563,1920.5450292705627,,
190,5693,3,6831.30937343447,7727.664923853354,2034.6649238533537,,
191,5726,11,6578.215010046604,7511.026807356608,1785.0268073566076,,
192,5754,12,6706.696416183138,7318.347347019475,1564.347347019475,,
193,5781,7,7134.584163906038,8147.6311480009135,2366.6311480009135,,
194,5805,6,6803.308241907777,7503.842153917477,1698.842153917477,,
195,5836,25,6933.968397550807,7818.795467567795,1982.7954675677947,,
196,5853,19,7059.103415154506,7458.291484651855,1605.2914846518552,,
197,5889,13,7373.252756135496,7757.431100137342,1868.4311001373417,,
198,5925,4,7264.725614566758,7791.532030624878,1866.5320306248777,,
199,5968,9,6916.7195715358175,7793.316406800568,1825.316406800568,,
200,5991,16,7208.690197456478,7930.767253943546,1939.7672539435462,,
201,6027,28,7368.471678758656,8187.831878650433,2160.8318786504333,,
202,6053,14,6928.445162924657,8245.439750299982,2192.439750299982,,
203,6091,17,6936.285166738919,8267.650529604667,2176.650529604667,,
204,6121,5,7493.8900394851225,9026.78390748359,2905.78390748359,,
205,6152,23,7460.943833559392,8155.311905686571,2003.3119056865708,,
206,6181,18,7296.960662318328,7963.799988558884,1782.7999885588843,,
207,6209,29,7455.392570837455,8356.906721337231,2147.906721337231,,
208,6235,12,7469.635152212095,8809.442179234318,2574.4421792343182,,
209,6263,10,7487.802611032383,8315.523239835273,2052.5232398352728,,
210,6302,6,7673.997964867323,8689.843007159176,2387.8430071591756,,
211,6334,0,7469.9952012144295,8463.16807126311,2129.1680712631096,,
212,6359,20,7514.584859785547,8403.336782326747,2044.3367823267472,,
213,6380,19,7710.466027379704,8137.468501519125,1757.4685015191253,,
214,6403,8,7500.682366834384,8547.111048022665,2144.1110480226653,,
215,6435,27,7487.146703701678,8437.451656722791,2002.451656722791,,
216,6469,1,7701.9100338826765,8118.965916627585,1649.965916627585,,
217,6494,22,7809.777511472467,9213.582913510185,2719.582913510185,,
218,6519,15,7651.721574763372,8862.305947557159,2343.305947557159,,
219,6541,11,7909.028063636032,8782.572040382649,2241.572040382649,,
220,6575,26,7835.846665417132,8857.317188652982,2282.3171886529817,,
221,6617,21,7914.139703963924,8562.170926070641,1945.1709260706411,,
222,6652,13,8033.802227428164,9117.569245476727,2465.569245476727,,
223,6687,4,7860.958250455717,8890.880606271188,2203.8806062711883,,
224,6716,9,8084.5362550252385,8780.578591889689,2064.578591889689,,
225,6741,24,8197.235114477793,8554.11184389567,1813.1118438956692,,
226,6775,1,8426.441118879735,8953.576231831328,2178.576231831328,,
227,6808,3,8019.890863838154,9139.36191165114,2331.36191165114,,
228,6837,17,8436.591347644595,9621.971416230512,2784.9714162305117,,
229,6870,19,8223.631138433277,9056.719186718077,2186.7191867180773,,
230,6889,16,8437.478216919482,8992.944709040612,2103.944709040612,,
231,6919,2,8205.638815180793,9008.780393218216,2089.780393218216,,
232,6947,18,8263.007274566427,8926.514752526386,1979.5147525263856,,
233,6971,7,8340.959883578427,8911.203761845652,1940.2037618456525,,
234,7003,10,8673.741050671082,9276.290477815664,2273.2904778156644,,
235,7029,25,8244.627594115334,9251.267689326574,2222.2676893265743,,
236,7078,28,8314.488895826744,9518.259835399078,2440.259835399078,,
237,7099,14,8721.16235854979,9792.591797228035,2693.591797228035,,
238,7133,20,8837.83189162028,9439.433101962673,2306.4331019626734,,
239,7172,23,8587.19730715321,9014.682297211895,1842.6822972118953,,
240,7200,29,8600.638130884709,9453.601798824415,2253.601798824415,,
241,7221,8,8740.307838886281,9684.625698985781,2463.625698985781,,
242,7246,0,8642.956836206862,9238.202353619452,1992.202353619452,,
243,7275,24,9020.855885100267,9959.917031270385,2684.9170312703845,,
244,7304,27,8871.756848955167,9685.674612194132,2381.6746121941324,,
245,7331,21,8860.112195451034,9756.518467497372,2425.5184674973716,,
246,7353,9,8891.596608445561,9565.083334376162,2212.0833343761624,,
247,7379,11,9087.17177774301,10241.187786802431,2862.187786802431,,
248,7410,26,9014.70206721506,9760.635503299492,2350.6355032994925,,
249,7441,16,9160.709425235646,10110.350739156227,2669.350739156227,,
250,7465,6,8966.148996960337,9426.199158468899,1961.1991584688985,,
251,7503,12,9165.026205872186,10267.202052392302,2764.202052392302,,
252,7530,4,8929.155924689197,9743.951742515526,2213.9517425155263,,
253,7559,18,9042.725767494847,9979.674768414814,2420.674768414814,,
254,7579,7,9130.680412084352,10027.685126465907,2448.685126465907,,
255,7619,15,9332.459114089088,9884.70978276702,2265.7097827670204,,
256,7658,23,9296.875493444548,10336.367131471283,2678.367131471283,,
257,7689,2,9479.569093167567,10285.712442983922,2596.7124429839223,,
258,7718,13,9179.770531637063,9969.926135614483,2251.9261356144834,,
259,7738,1,9298.991923426252,9767.478078480674,2029.4780784806735,,
260,7764,19,9433.07008681,10607.997274345455,2843.9972743454546,,
261,7790,3,9350.965314270285,9990.130729489403,2200.130729489403,,
262,7822,6,9523.651711026541,10270.923493180426,2448.923493180426,,
263,7861,25,9581.63263904128,10319.449278029078,2458.4492780290784,,
264,7893,5,9460.624892177291,10486.517005601838,2593.517005601838,,
265,7922,0,9465.697408510761,10441.948161058312,2519.9481610583116,,
266,7953,10,9619.803214115209,10649.918941614664,2696.9189416146637,,
267,7987,29,9565.641970191653,10700.031996138867,2713.031996138867,,
268,8015,9,9664.80795520773,11050.160732121692,3035.1607321216925,,
269,8056,22,9487.927587232858,10108.603251792141,2052.6032517921412,,
270,8084,1,9877.863765958715,10543.617228018758,2459.6172280187584,,
271,8109,26,10063.953817946003,11258.776360849131,3149.7763608491314,,
272,8139,20,9736.129916910188,10770.433101962673,2631.4331019626734,,
273,8166,17,9943.332583766354,10553.157164716162,2387.157164716162,,
274,8213,21,9943.079449484496,10705.588661011512,2492.588661011512,,
275,8240,28,9947.521993060338,10344.785772103907,2104.785772103907,,
276,8272,8,9728.00772291275,11131.994567897073,2859.9945678970726,,
277,8297,4,10018.755308722371,10410.434823069905,2113.434823069905,,
278,8326,15,10255.236434979786,10740.717595147815,2414.717595147815,,
279,8361,27,9802.173539227819,10607.077785793896,2246.0777857938956,,
280,8397,24,10053.964891426796,11079.564989026403,2682.564989026403,,
281,8420,14,10276.117391173175,10962.371579249124,2542.371579249124,,
282,8443,13,10178.511849410994,11091.00194583791,2648.00194583791,,
283,8473,7,10400.592621697633,11076.224979767707,2603.224979767707,,
284,8512,3,10130.166439220886,11348.025840965918,2836.025840965918,,
285,8541,22,10121.944915856267,11237.909401388006,2696.909401388006,,
286,8578,18,10187.455903265887,10723.076302576761,2145.076302576761,,
287,8607,25,10463.34159888047,11173.891805920939,2566.891805920939,,
288,8643,16,10371.174434398818,11226.242200609118,2583.2422006091183,,
289,8674,2,10447.409690950608,11672.58091992273,2998.5809199227297,,
290,8707,17,10694.18907599868,11364.107395813451,2657.107395813451,,
291,8733,12,10561.733884288278,11371.43414181145,2638.434141811451,,
292,8759,6,10557.980978712505,11653.926047454675,2894.9260474546754,,
293,8785,1,10806.624832471558,11289.507597817454,2504.5075978174536,,
294,8813,28,10620.615429682639,11370.326604457277,2557.3266044572774,,
295,8843,10,10815.158162140542,11753.76812539886,2910.7681253988594,,
296,8884,4,10515.220318249343,11778.484951642253,2894.484951642253,,
297,8918,0,10548.910771348075,11817.528588867059,2899.5285888670587,,
298,8955,5,10702.74836317978,11524.216674324582,2569.2166743245816,,
299,8990,21,10862.878202939766,11851.324861020272,2861.324861020272,,
300,9019,11,10644.68375952087,11191.573288785605,2172.5732887856047,,
301,9046,18,10916.573072575642,11553.15455013615,2507.1545501361506,,
302,9071,19,10917.91661869169,11646.149074524343,2575.1490745243427,,
303,9103,23,10672.27932237837,11148.444947378557,2045.4449473785571,,
304,9133,29,11094.645731328103,12157.770884146168,3024.770884146168,,
305,9158,27,10796.48211520587,12092.40371447779,2934.4037144777903,,
306,9184,20,11112.31758537776,11637.425611220891,2453.4256112208914,,
307,9212,15,11279.342696679483,12321.187890465322,3109.187890465322,,
308,9239,14,11397.256621530414,12260.593606973829,3021.593606973829,,
309,9264,9,11122.007791908436,12600.766854550955,3336.766854550955,,
310,9289,24,11235.849985107281,12276.565826546754,2987.5658265467537,,
311,9321,26,11543.374322893838,12181.220154400813,2860.220154400813,,
312,9348,13,11357.223657950202,12243.943172371075,2895.943172371075,,
313,9382,1,11422.146204565262,11998.782480567334,2616.7824805673336,,
314,9407,3,11526.558751097356,12568.490183212916,3161.4901832129162,,
315,9434,22,11437.371177174746,12232.519335373454,2798.519335373454,,
316,9463,28,11444.9523372845,12502.068082997366,3039.068082997366,,
317,9490,25,11588.921925309882,12119.518772461457,2629.518772461457,,
318,9517,12,11512.324169847505,12141.986186654074,2624.986186654074,,
319,9545,7,11592.667619370597,12428.087999206753,2883.087999206753,,
320,9578,6,11732.316097843739,13008.70349809824,3430.7034980982407,,
321,9618,23,11305.600920857136,12934.581533105513,3316.581533105513,,
322,9649,16,11711.465860378508,12491.287311860979,2842.2873118609787,,
323,9676,5,11678.476195910771,12298.942173322295,2622.9421733222953,,
324,9717,17,11691.712340831074,12607.294771311448,2890.294771311448,,
325,9757,8,11354.030601008817,11828.17148820543,2071.1714882054293,,
326,9785,18,11736.961514095627,12934.356188639296,3149.3561886392963,,
327,9825,11,12059.631466559422,12292.890978691295,2467.8909786912955,,
328,9855,10,12152.368175574471,13201.50688232814,3346.50688232814,,
329,9893,20,11904.41812047911,12894.833399431527,3001.833399431527,,
330,9920,4,11894.286506035965,12727.222675440526,2807.2226754405256,,
331,9956,2,11832.430849544235,13150.88041326199,3194.88041326199,,
332,9978,0,11989.368630766496,12832.240537091366,2854.2405370913657,,
333,10012,27,12229.971879399767,12908.988570827443,2896.9885708274433,,
334,10039,25,12178.212894824774,13492.197230812666,3453.197230812666,,
335,10072,19,12224.104955193447,12937.513667195966,2865.5136671959663,,
336,10107,1,12055.861373338656,12941.426610824952,2834.426610824952,,
337,10129,21,12292.324861020272,13342.079597185058,3213.0795971850584,,
338,10153,11,12348.496733789127,13804.419365522994,3651.4193655229938,,
339,10180,8,12351.549936366986,12697.217952594017,2517.2179525940173,,
340,10212,26,12639.116430865255,13806.040626483607,3594.0406264836074,,
341,10247,14,12316.064319967263,13555.941721230278,3308.941721230278,,
342,10276,15,12424.047017430312,13967.400106031553,3691.400106031553,,
343,10302,12,12682.679260402943,13394.404763949356,3092.4047639493565,,
344,10328,5,12473.667672320009,13678.79472348803,3350.7947234880303,,
345,10352,24,12384.57045607716,13533.800183530622,3181.8001835306222,,
346,10388,16,12648.93565470035,13633.047406367763,3245.047406367763,,
347,10410,22,12665.242110369178,13380.812140359987,2970.812140359987,,
348,10439,13,12415.762845284278,13595.417722838354,3156.417722838354,,
349,10469,7,12614.903416129448,13528.577759341762,3059.5777593417624,,
350,10503,17,12733.540563320528,13502.823111746,2999.823111746,,
351,10534,29,12586.559876542195,12947.478553996389,2413.4785539963887,,
352,10563,0,13087.788966943714,13936.276250111783,3373.276250111783,,
353,10592,28,12725.929647362489,13417.24739703939,2825.2473970393894,,
354,10614,27,13180.988570827443,13965.52882096975,3351.52882096975,,
355,10651,9,13074.002525226782,13668.472958851507,3017.4729588515074,,
356,10692,3,12864.733326593485,13540.717264441566,2848.717264441566,,
357,10720,19,13104.800845425501,13673.47322000488,2953.47322000488,,
358,10745,8,12849.546544788655,13431.936177047875,2686.9361770478754,,
359,10764,4,13042.647785411182,13747.74853671424,2983.74853671424,,
360,10801,6,13027.142587012826,13831.432032417488,3030.432032417488,,
361,10825,1,13049.1159789167,14029.42763541404,3204.42763541404,,
362,10851,29,13172.62295210569,13939.357361792881,3088.3573617928814,,
363,10884,18,13244.826799164674,13946.318565562238,3062.3185655622383,,
364,10914,13,13649.537959349293,14699.229195514394,3785.2291955143937,,
365,10945,12,13651.032899585338,14623.417482421726,3678.417482421726,,
366,10968,17,13798.351452180552,14720.613529282562,3752.613529282562,,
367,10998,20,13260.036082882785,13897.316939467639,2899.316939467639,,
368,11026,23,13303.966156499611,14234.301477083101,3208.3014770831014,,
369,11055,22,13478.326241904328,14211.706055394576,3156.7060553945757,,
370,11083,2,13731.746146456848,14388.99168882449,3305.9916888244898,,
371,11106,6,14054.160566736735,14737.087066729046,3631.0870667290455,,
372,11139,10,13355.860372732472,13910.26349132272,2771.2634913227193,,
373,11183,14,13583.144662247749,14760.551512748742,3577.5515127487415,,
374,11208,3,13762.638421612306,14398.00504106533,3190.0050410653294,,
375,11232,20,14198.589241546671,15232.937765708984,4000.9377657089844,,
376,11267,8,14229.841559909779,14366.406562747256,3099.4065627472555,,
377,11290,27,14020.090712432566,14874.763359791013,3584.7633597910135,,
378,11311,16,13785.169068204597,14731.19196370027,3420.19196370027,,
379,11340,21,13563.305725840784,14559.48060139545,3219.4806013954494,,
380,11370,7,13681.34228401945,14608.662126927295,3238.6621269272946,,
381,11396,24,13910.607826765205,14834.157235326347,3438.1572353263473,,
382,11420,28,13780.179897650729,14355.74555065326,2935.7455506532606,,
383,11445,19,13889.99111764847,14761.043727726585,3316.0437277265846,,
384,11475,25,13796.841285407532,14537.695827892388,3062.6958278923885,,
385,11508,9,13738.53721507392,14793.763354727922,3285.763354727922,,
386,11547,29,14079.393071524364,15053.730767015197,3506.7307670151968,,
387,11577,15,14184.420842367968,15475.233240478628,3898.2332404786284,,
388,11606,4,14015.68323024981,15005.724220155505,3399.7242201555055,,
389,11637,5,14117.428967477257,14573.855734128203,2936.855734128203,,
390,11671,0,14478.000349631086,15351.55840985772,3680.55840985772,,
391,11701,11,14199.667388920961,15051.38768004852,3350.3876800485195,,
392,11731,26,14122.837091110345,15065.413055388548,3334.413055388548,,
393,11765,22,14488.08441923661,15529.129222012438,3764.129222012438,,
394,11792,10,14572.702922516244,15022.987277118977,3230.9872771189766,,
395,11818,1,14465.161499142807,14717.937521867476,2899.937521867476,,
396,11855,18,14207.877354365062,15394.618630397788,3539.6186303977884,,
397,11895,3,14579.22865983507,15048.164785881267,3153.1647858812667,,
398,11925,28,14670.152929701526,15004.786349994218,3079.7863499942177,,
399,11962,2,14816.235179120129,15363.377853098758,3401.3778530987584,,
400,11984,8,14565.33619854846,15221.884546143086,3237.8845461430865,,
401,12005,23,14600.827055999498,15376.509001929448,3371.5090019294475,,
402,12037,7,14736.137614767114,16213.898914952882,4176.8989149528825,,
403,12065,25,14591.45454811525,15384.63711646115,3319.63711646115,,
404,12088,12,14907.706068193298,15432.194875833944,3344.194875833944,,
405,12119,21,14783.357799877118,15540.809855452884,3421.809855452884,,
406,12149,5,14599.31157825092,15462.59263859315,3313.5926385931507,,
407,12175,24,15057.596265041391,15749.728146533322,3574.7281465333217,,
408,12206,14,14845.786482098181,16277.661102710596,4071.6611027105955,,
409,12234,6,15042.742101040603,16220.183890412609,3986.183890412609,,
410,12261,9,15115.603377099285,15856.586215010342,3595.586215010342,,
411,12286,4,15246.593479298303,15962.247711667636,3676.2477116676364,,
412,12315,27,15158.144728268195,15771.006503171582,3456.006503171582,,
413,12348,26,15251.38348314522,16242.379258904837,3894.379258904837,,
414,12381,23,15418.616008472301,16764.469026296167,4383.469026296167,,
415,12407,10,15143.788767176013,16130.555006589635,3723.555006589635,,
416,12452,19,14998.214552239213,16190.17580405701,3738.1758040570094,,
417,12474,13,15296.270232629933,15964.430668753892,3490.430668753892,,
418,12514,1,15423.918399795482,15976.712213074901,3462.7122130749012,,
419,12551,28,15101.21248752964,16086.982368227467,3535.9823682274673,,
420,12577,16,14967.708347910751,15801.374906819223,3224.374906819223,,
421,12609,3,15340.77032239758,16548.792344864447,3939.792344864447,,
422,12642,29,15331.568849358133,16158.829767212188,3516.829767212188,,
423,12677,17,15338.403946819124,16021.492520870836,3344.4925208708355,,
424,12700,8,15477.362529538916,15949.006534799651,3249.0065347996515,,
425,12737,2,15582.05112535671,16776.609062534302,4039.609062534302,,
426,12769,18,15503.65990698606,16236.465689507466,3467.465689507466,,
427,12805,11,15534.761241592798,15880.442258697365,3075.442258697365,,
428,12836,12,15866.43098672294,16533.585940772282,3697.585940772282,,
429,12873,20,15543.862193826171,16361.620089983213,3488.620089983213,,
430,12896,0,15561.548885832228,16055.28882969684,3159.2888296968395,,
431,12940,25,15557.428898673152,16493.923872621173,3553.9238726211734,,
432,12964,15,15721.753016561603,16908.61910548955,3944.61910548955,,
433,12986,5,15882.140013748805,16990.612034942173,4004.6120349421726,,
434,13016,21,15773.50063739321,16587.50550127899,3571.505501278989,,
435,13043,24,16058.026703130656,16862.245463313935,3819.245463313935,,
436,13076,11,16105.520023036715,16803.335429885607,3727.3354298856066,,
437,13103,8,16006.277819052757,17593.202397652978,4490.202397652978,,
438,13137,16,16058.221164335271,16752.03143392231,3615.0314339223114,,
439,13169,22,15774.063907183812,16326.49436584488,3157.494365844879,,
440,13196,27,16351.67938871042,17212.256168847594,4016.2561688475944,,
441,13224,13,16249.807612461684,17478.763759044297,4254.763759044297,,
442,13251,17,16086.615481491495,17183.29764722694,3932.29764722694,,
443,13274,1,16411.908720413827,17099.506627735194,3825.5066277351943,,
444,13307,6,16257.30531279915,17041.509442484665,3734.5094424846648,,
445,13336,28,16207.730039012456,17278.65964512764,3942.659645127638,,
446,13361,9,16287.961921326774,16645.69464951288,3284.6946495128796,,
447,13407,18,16430.251653911495,17662.94012952361,4255.940129523609,,
448,13429,0,16219.447289728603,17416.291457813197,3987.2914578131968,,
449,13453,4,16376.264619534935,17280.79068185105,3827.790681851049,,
450,13482,7,16368.679404679462,17316.258348028445,3834.2583480284447,,
451,13509,10,16344.119984991994,17220.894684772014,3711.8946847720144,,
452,13546,26,16584.18768478109,17699.79980916008,4153.799809160078,,
453,13572,19,16432.887567265963,17339.27779822567,3767.2777982256703,,
454,13601,29,16585.576764858335,17480.015596246565,3879.015596246565,,
455,13627,25,16946.663312034176,17941.874932529703,4314.874932529703,,
456,13659,3,16703.95999613236,17795.80470950673,4136.80470950673,,
457,13691,22,16550.64833078862,17216.170046563853,3525.1700465638532,,
458,13715,21,16778.882093369037,17514.925720569125,3799.9257205691247,,
459,13747,16,16869.691962562974,17595.53297395851,3848.5329739585104,,
460,13782,20,16972.877809770864,17570.403541434363,3788.4035414343634,,
461,13814,15,17001.533044164004,18310.2936030258,4496.293603025799,,
462,13847,12,17138.668579756413,17333.92482165408,3486.92482165408,,
463,13872,14,17145.2883268109,17513.641418287,3641.6414182869994,,
464,13897,11,17306.42289742977,17862.21340930933,3965.21340930933,,
465,13918,23,16896.775488723368,18179.690468604942,4261.690468604942,,
466,13956,24,17061.195205711356,17747.972605881805,3791.972605881805,,
467,13996,17,17293.302192587576,18343.558300851662,4347.558300851662,,
468,14025,2,17085.212367766115,17822.89372505364,3797.89372505364,,
469,14054,9,17131.678188328755,17688.69916416256,3634.699164162561,,
470,14079,4,17574.66480456348,18746.0634712071,4667.0634712071005,,
471,14119,6,17435.830377764545,18123.307117863034,4004.3071178630344,,
472,14146,10,17371.92448315631,18657.36345286799,4511.36345286799,,
473,14180,0,17633.196967194584,18578.260318160457,4398.260318160457,,
474,14204,26,17804.661622991425,19004.98205510789,4800.982055107888,,
475,14235,12,17380.882249181577,18732.877260789228,4497.877260789228,,
476,14259,5,17177.51575347126,17917.19586797743,3658.195867977429,,
477,14285,1,17310.599024566534,18357.559057257342,4072.559057257342,,
478,14308,22,17465.56331030608,18704.117117058486,4396.117117058486,,
479,14344,13,17563.91069087393,18830.538326318292,4486.538326318292,,
480,14382,16,17839.03451399471,18600.941409983217,4218.941409983217,,
481,14416,7,17469.845456862487,18088.95750842015,3672.9575084201497,,
482,14440,28,17617.871968017003,17965.980891110503,3525.980891110503,,
483,14472,27,17533.01152733752,18494.761113884626,4022.761113884626,,
484,14513,19,17639.8139857306,18779.683652560347,4266.683652560347,,
485,14546,14,17842.057313152032,18767.25904350835,4221.259043508351,,
486,14572,18,17751.945747323836,18388.19187601842,3816.19187601842,,
487,14606,9,17849.578000558155,18842.54029661843,4236.54029661843,,
488,14634,20,17839.68777788351,18749.5520543393,4115.5520543392995,,
489,14660,21,17754.702700281523,18734.955558560814,4074.955558560814,,
490,14691,24,18163.280925085743,19029.74236173784,4338.742361737841,,
491,14713,29,17771.58377009275,18405.372323547537,3692.3723235475372,,
492,14738,25,18050.851994336306,19329.00452795856,4591.004527958561,,
493,14765,11,18060.32953687092,19038.821595168673,4273.8215951686725,,
494,14809,2,17976.311455450097,18780.308050452048,3971.3080504520476,,
495,14833,8,18171.22056345748,18647.18257343161,3814.1825734316117,,
496,14860,3,18190.49446108384,19252.05233724067,4392.0523372406715,,
497,14890,23,18405.225388295883,19036.363412251132,4146.363412251132,,
498,14913,6,18184.339895941703,19281.315182320886,4368.315182320886,,
499,14936,28,18053.302137093367,19054.703716442,4118.703716442,,
500,14970,7,18194.962225296335,19328.347843035866,4358.347843035866,,
501,15004,5,18229.749863312634,19202.14842107874,4198.1484210787385,,
502,15030,18,18670.852449852126,19540.74413599027,4510.74413599027,,
503,15061,1,18522.780121289747,19466.45688590274,4405.456885902739,,
504,15090,15,18382.30054713538,19174.86306460442,4084.8630646044185,,
505,15115,10,18820.15165882899,19804.418294725732,4689.418294725732,,
506,15144,14,18830.19551941859,19842.455844844386,4698.455844844386,,
507,15186,17,18557.298797716434,19865.219843935673,4679.2198439356725,,
508,15228,16,18613.59052062389,19902.00417464841,4674.004174648409,,
509,15266,12,18873.788580419696,19607.748139566884,4341.748139566884,,
510,15281,29,18461.10382271991,19149.052523992832,3868.052523992832,,
511,15311,27,18654.14116282426,19782.83814445606,4471.838144456058,,
512,15350,13,18964.542057609626,20110.83238038609,4760.832380386091,,
513,15377,20,18904.63267853201,19741.75225831681,4364.75225831681,,
514,15406,0,18875.475728258923,19301.13423728083,3895.1342372808285,,
515,15439,8,18937.225673677076,19470.36411388691,4031.3641138869098,,
516,15467,9,19249.725758048477,20366.52568611331,4899.525686113309,,
517,15499,2,19003.334954658694,20153.054451284817,4654.054451284817,,
518,15529,4,18880.15672234227,19685.541010964887,4156.541010964887,,
519,15555,15,19279.85830259167,20633.07749002501,5078.077490025011,,
520,15584,22,19160.244292306794,20402.092071235493,4818.092071235493,,
521,15615,21,19206.45211210071,20176.788083472984,4561.788083472984,,
522,15643,24,19284.685492651384,20405.559350466498,4762.559350466498,,
523,15685,11,19386.663513286658,20507.499325975674,4822.499325975674,,
524,15716,19,18840.683652560347,19587.637974467827,3871.637974467827,,
525,15751,23,19218.511703486598,19683.87130633201,3932.87130633201,,
526,15789,26,19302.10997368842,19689.273217159433,3900.2732171594325,,
527,15823,29,19352.69927697456,19987.58973283036,4164.589732830362,,
528,15856,28,19392.472868378645,20184.447050519928,4328.447050519928,,
529,15888,19,19776.809853984843,20642.352170419526,4754.352170419526,,
530,15918,25,19640.78971041597,20649.240600368157,4731.240600368157,,
531,15951,0,19622.182520253966,20356.96095874415,4405.960958744148,,
532,15984,7,19513.185609739536,20328.17905742514,4344.179057425139,,
533,16012,5,19505.572217113262,20183.46849660585,4171.4684966058485,,
534,16037,18,19599.165022666184,20782.14416717206,4745.14416717206,,
535,16073,6,19689.26248283898,20319.17360692866,4246.17360692866,,
536,16101,8,19648.38939299075,20175.101881669118,4074.1018816691176,,
537,16121,26,19773.56437921098,20897.74671699324,4776.746716993239,,
538,16146,1,19603.515267623814,20744.324867149826,4598.324867149826,,
539,16177,12,19786.236234407967,20587.496740617633,4410.496740617633,,
540,16209,3,19830.42678342584,20214.26774276617,4005.2677427661692,,
541,16238,20,19946.762014182234,20573.30570787004,4335.30570787004,,
542,16281,4,20025.018550722674,21193.467219420178,4912.467219420178,,
543,16310,23,19731.379200412888,20797.020407471242,4487.020407471242,,
544,16347,27,20118.992870735492,21152.589402980524,4805.589402980524,,
545,16369,29,20200.99310674933,21208.422238422652,4839.422238422652,,
546,16403,14,20249.562710421473,21220.170445453117,4817.170445453117,,
547,16440,13,20393.126553191694,21561.84178103922,5121.84178103922,,
548,16463,10,20330.553258399505,21313.94839318317,4850.948393183171,,
549,16492,16,20041.28805742025,20653.404306748747,4161.404306748747,,
550,16524,28,20474.509112844527,20947.817794534883,4423.817794534883,,
551,16550,21,20493.964690428795,21557.81945288141,5007.819452881409,,
552,16574,5,20669.19475696244,21086.902179640543,4512.902179640543,,
553,16605,6,20464.834171255454,21385.585442112973,4780.585442112973,,
554,16641,8,20428.794609195942,21153.223555208206,4512.223555208206,,
555,16680,3,20464.171724327087,20909.399230718373,4229.399230718373,,
556,16714,17,20758.808116016276,21207.2554373373,4493.255437337299,,
557,16737,12,20617.463388745175,22181.642102222264,5444.642102222264,,
558,16777,7,20483.835730908802,21324.225771841506,4547.225771841506,,
559,16811,28,21058.94384908556,22644.54200781733,5833.54200781733,,
560,16841,2,20493.00297680008,21189.535836913117,4348.535836913117,,
561,16861,19,20938.839944197807,22214.681332792024,5353.6813327920245,,
562,16890,20,20756.676916078963,21609.458204137114,4719.458204137114,,
563,16924,9,20638.984857366544,21464.05759463778,4540.057594637779,,
564,16958,0,21040.898090357867,21593.007680928433,4635.007680928433,,
565,16987,22,20806.375387735196,21267.516260035234,4280.516260035234,,
566,17024,23,20962.023437746448,22224.02282584739,5200.022825847391,,
567,17056,24,20882.390557498922,21452.053471368443,4396.053471368443,,
568,17083,25,21247.827269113794,22081.015810385863,4998.015810385863,,
569,17108,11,20592.646257805307,22036.11388541355,4928.11388541355,,
570,17138,1,21378.47942244372,21701.52740649563,4563.527406495628,,
571,17170,3,21297.466235242075,21864.839802403712,4694.839802403712,,
572,17196,15,20695.20638829305,21590.553363336763,4394.553363336763,,
573,17211,18,21101.09870938772,22062.033864108264,4851.0338641082635,,
574,17234,16,20954.211554001868,21525.93503896073,4291.935038960732,,
575,17259,5,21390.335862675238,22743.20232637915,5484.202326379149,,
576,17299,8,21314.4314954593,22191.084263653254,4892.084263653254,,
577,17318,9,21480.08881417966,22398.003698073648,5080.003698073648,,
578,17353,29,21294.776161321384,22429.46732535274,5076.46732535274,,
579,17389,26,21185.05491388292,21799.410437052513,4410.410437052513,,
580,17415,6,21565.832494793452,22368.898629989413,4953.898629989413,,
581,17447,22,21328.73717149529,22381.583376275907,4934.583376275907,,
582,17479,1,21809.43940768178,22523.63098593549,5044.6309859354915,,
583,17504,27,21407.361850470435,22609.589402980524,5105.589402980524,,
584,17541,14,21303.656971312084,22630.42102397806,5089.421023978059,,
585,17572,24,21868.568777209657,22727.5865941685,5155.586594168501,,
586,17600,17,21939.16868356256,22088.891761276052,4488.891761276052,,
587,17628,4,21276.086829683118,22065.367936594663,4437.367936594663,,
588,17667,16,21894.761556445577,22950.801088692446,5283.801088692446,,
589,17693,2,21357.779707529553,22579.124337335965,4886.124337335965,,
590,17721,7,21640.46776778765,22344.782545654507,4623.782545654507,,
591,17758,3,22089.06290558445,22593.25319734365,4835.253197343649,,
592,17787,10,21738.38684572959,22212.955082071563,4425.955082071563,,
593,17824,20,21772.70648131026,22411.547293402222,4587.547293402222,,
594,17858,21,22151.95748398193,22266.94781766344,4408.94781766344,,
595,17882,15,21736.464295072532,22596.372288474566,4714.372288474566,,
596,17912,26,22361.031305610653,23269.912016603063,5357.9120166030625,,
597,17936,13,22339.83728231156,22876.094683192892,4940.094683192892,,
598,17960,0,22029.063869968333,22573.04057424163,4613.04057424163,,
599,17985,17,22123.891761276052,23109.769415707837,5124.769415707837,,
600,18011,4,22186.285263723574,23332.675961422778,5321.675961422778,,
601,18047,11,22462.963976194846,22880.091343388667,4833.091343388667,,
602,18088,18,22212.41005903286,23530.2204799922,5442.2204799922,,
603,18124,22,22575.41319854276,23237.42121554133,5113.42121554133,,
604,18152,0,22727.97604468013,24123.66247594598,5971.662475945981,,
605,18180,21,22376.71575469425,23329.11337241628,5149.113372416279,,
606,18218,7,22752.02326071134,23656.547956446575,5438.547956446575,,
607,18249,25,22262.58673316812,23249.047499642722,5000.047499642722,,
608,18283,8,22279.673202014656,23119.75583224415,4836.755832244151,,
609,18321,12,22567.850595137683,23618.88639154289,5297.886391542888,,
610,18344,20,22619.48237942668,23544.123109601194,5200.123109601194,,
611,18378,9,22695.38224471076,23482.376488391186,5104.376488391186,,
612,18406,19,22340.717042017626,23370.19640909509,4964.19640909509,,
613,18434,10,22498.682224639433,23134.502901221374,4700.5029012213745,,
614,18461,14,22724.282624220115,23916.992214751455,5455.992214751455,,
615,18492,6,22738.904035355336,23571.307129265446,5079.307129265446,,
616,18517,2,22783.501439771633,23533.15964630952,5016.159646309519,,
617,18553,27,22814.511339336786,23939.02205922783,5386.022059227831,,
618,18581,23,22669.709935824783,23285.544222967826,4704.5442229678265,,
619,18611,15,22788.273304626124,24006.217952783514,5395.217952783514,,
620,18644,24,22952.58881637975,23793.369805544782,5149.369805544782,,
621,18670,3,23001.78716165996,23536.270689608984,4866.270689608984,,
622,18694,1,22722.90968524879,23773.814037083397,5079.814037083397,,
623,18716,5,22886.46781419809,23953.340835244144,5237.340835244144,,
624,18739,11,23150.07097224981,24306.62204457284,5567.6220445728395,,
625,18770,29,22786.930610180705,23395.638050561625,4625.638050561625,,
626,18799,28,23075.152040213234,23307.95336326728,4508.953363267279,,
627,18831,16,23190.8531663756,24080.594444634175,5249.594444634175,,
628,18855,13,23317.05386497733,23873.01407047449,5018.014070474492,,
629,18889,8,23270.11540127785,24532.991345487393,5643.991345487393,,
630,18913,22,23388.748675045546,24117.07993612769,5204.079936127691,,
631,18945,29,23619.92581215374,24759.965859816268,5814.965859816268,,
632,18968,25,23301.201118884343,24309.387591314087,5341.387591314087,,
633,18989,26,23377.735947156536,24337.592463061967,5348.592463061967,,
634,19028,6,23607.431913001823,24740.476699780244,5712.4766997802435,,
635,19059,19,23515.613051884007,24866.64830406771,5807.6483040677085,,
636,19086,10,23308.146213790562,24619.75145388893,5533.75145388893,,
637,19112,17,23390.689333122034,24499.065937935065,5387.065937935065,,
638,19152,21,23553.730824988426,24558.64812125863,5406.6481212586295,,
639,19185,4,23466.67969271411,24619.597354305544,5434.597354305544,,
640,19214,28,23712.35415456225,24447.139787428718,5233.139787428718,,
641,19245,23,23623.37406179205,24308.265171112107,5063.265171112107,,
642,19273,7,23693.426134275745,25009.67078839366,5736.6707883936615,,
643,19304,18,23762.448815903215,24477.531579728446,5173.531579728446,,
644,19337,3,23676.334960570566,24486.203540310373,5149.203540310373,,
645,19367,2,23887.194955283074,24295.76653423251,4928.766534232509,,
646,19395,20,23685.657557704828,24644.9594102025,5249.9594102025,,
647,19414,9,23793.31860519108,24551.393545650302,5137.393545650302,,
648,19447,24,23886.019684119987,25088.45253443394,5641.452534433942,,
649,19483,1,23944.76432225426,24826.296080926022,5343.296080926022,,
650,19524,27,24184.480813400503,25391.618094874255,5867.618094874255,,
651,19567,12,23974.988904872967,24658.053785596683,5091.053785596683,,
652,19591,13,23994.607655831616,24853.566300792485,5262.566300792485,,
653,19617,15,24122.428967751977,25208.63392202736,5591.6339220273585,,
654,19646,5,24121.703538952537,25039.1854606132,5393.1854606132,,
655,19665,16,24281.412770491155,25081.306311191678,5416.306311191678,,
656,19694,14,24070.725750455284,25179.808177142222,5485.808177142222,,
657,19718,22,24396.738656714053,24945.25749856537,5227.25749856537,,
658,19747,0,24179.698178850467,25294.418115427536,5547.418115427536,,
659,19774,21,24700.048262701275,25658.49009628674,5884.49009628674,,
660,19802,18,24529.704369571427,25657.650533047505,5855.650533047505,,
661,19829,2,24478.26310954284,25674.959064997533,5845.959064997533,,
662,19857,23,24455.676161204432,25441.831474395964,5584.831474395964,,
663,19891,28,24596.485025049475,25623.33159577035,5732.331595770349,,
664,19920,26,24791.246516278734,25851.679986223724,5931.679986223724,,
665,19950,9,24818.42537895862,25472.796719250066,5522.7967192500655,,
666,19982,29,24807.347290778198,25659.331856549365,5677.331856549365,,
667,20019,10,24811.95187012157,25734.752424761802,5715.752424761802,,
668,20042,3,24493.483650199654,25443.01161196795,5401.0116119679515,,
669,20068,8,24844.094222362553,25808.779034040537,5740.779034040537,,
670,20106,11,24649.47624098875,25738.595601844943,5632.595601844943,,
671,20141,25,24769.727682985453,25414.359867780826,5273.359867780826,,
672,20177,17,24751.781192717994,25400.50415714424,5223.504157144242,,
673,20208,12,24771.460134625297,25454.42078893482,5246.420788934822,,
674,20242,20,25080.447641960833,25849.198601251872,5607.198601251872,,
675,20272,4,24919.612353930563,25586.97318366834,5314.973183668339,,
676,20299,1,24903.820270699278,25777.848352999466,5478.848352999466,,
677,20344,13,25055.380571843867,26192.335547580682,5848.335547580682,,
678,20367,6,24947.985735728078,25951.29336621953,5584.293366219528,,
679,20399,19,25082.689966716374,25551.37138238761,5152.37138238761,,
680,20436,5,25516.633887147418,26203.926994414283,5767.926994414283,,
681,20466,22,25223.352805969145,26344.06911590703,5878.06911590703,,
682,20504,7,25250.67078839366,25827.195499633555,5323.195499633555,,
683,20543,25,25484.0161668499,26204.078079874445,5661.078079874445,,
684,20575,16,25418.31966404287,26301.371630331523,5726.371630331523,,
685,20613,14,25528.015012227348,26327.466829954355,5714.4668299543555,,
686,20637,15,25628.938573441068,26077.886591466307,5440.886591466307,,
687,20676,9,25794.19989284983,26325.956747690576,5649.956747690576,,
688,20700,24,25251.685496791426,26566.099957947506,5866.0999579475065,,
689,20729,12,25615.318271823773,26938.140767208482,6209.140767208482,,
690,20758,28,25787.80955781998,26752.006354010235,5994.006354010235,,
691,20782,3,25487.65464053905,26308.89880609358,5526.898806093581,,
692,20808,19,25822.003974659863,27070.534588787865,6262.534588787865,,
693,20845,17,25588.36048522504,26554.892107951255,5709.892107951255,,
694,20870,0,25942.20280187821,26482.323158835807,5612.323158835807,,
695,20899,23,25708.86143526178,26521.45841275535,5622.45841275535,,
696,20926,4,25897.134432053754,26906.235305568276,5980.235305568276,,
697,20960,27,26131.614040809094,26146.036245910953,5186.036245910953,,
698,20990,2,25758.68480775327,26595.31043459036,5605.310434590359,,
699,21019,18,25941.0019050223,26559.128558780725,5540.128558780725,,
700,21052,10,25889.83304895451,27117.164720166213,6065.164720166213,,
701,21077,21,26137.221753898808,26516.585040057438,5439.585040057438,,
702,21108,29,25955.009045388815,26454.331856549365,5346.331856549365,,
703,21131,11,26119.070305340458,26886.267036192217,5755.267036192217,,
704,21151,1,26262.513185641572,26513.61653778515,5362.61653778515,,
705,21173,7,26044.720210873453,26705.8278739191,5532.827873919101,,
706,21204,20,26217.67926560212,26633.971434752904,5429.971434752904,,
707,21238,26,26126.031949949156,26640.682631707856,5402.682631707856,,
708,21266,27,26221.32900784728,26880.129497046124,5614.129497046124,,
709,21306,8,25922.93681958318,26693.638648587774,5387.638648587774,,
710,21333,9,26519.61882451513,27852.220748934284,6519.220748934284,,
711,21368,6,25992.402975801717,27748.817896239685,6380.817896239685,,
712,21400,14,26408.768736451068,27812.67415030366,6412.674150303661,,
713,21429,25,26392.359783712072,27250.763651613674,5821.763651613674,,
714,21462,5,26412.121614901942,27372.631662937412,5910.631662937412,,
715,21491,13,26464.94699268158,27036.159254385413,5545.159254385413,,
716,21527,3,26512.19415773744,27635.53007434454,6108.5300743445405,,
717,21552,0,26599.498241511264,27774.349169907644,6222.349169907644,,
718,21587,15,26495.380303993814,26961.41084087013,5374.410840870129,,
719,21616,17,26571.892107951255,27982.772534099862,6366.772534099862,,
720,21649,16,26668.600441837374,27335.810348679694,5686.810348679694,,
721,21674,18,26664.679494352134,27520.599166161188,5846.599166161188,,
722,21717,1,26649.384722570834,27652.595201555803,5935.595201555803,,
723,21754,29,26510.6346095904,27383.143352698753,5629.143352698753,,
724,21782,24,26751.707069880213,27679.654239401767,5897.654239401767,,
725,21812,21,26734.80511246142,27707.844712282764,5895.844712282764,,
726,21844,22,26762.328604741415,27658.50385750349,5814.503857503489,,
727,21875,8,26782.77898738004,28379.37940954317,6504.3794095431695,,
728,21902,23,26915.965700393994,27555.767058766454,5653.767058766454,,
729,21929,20,26820.958065291026,27828.85713806069,5899.857138060692,,
730,21957,27,27110.997424658428,27867.977405381338,5910.977405381338,,
731,21985,26,26966.67803044839,27288.53657616388,5303.536576163879,,
732,22020,4,27112.40271327376,28033.679141440873,6013.679141440873,,
733,22050,2,26762.418184261045,27255.849678061022,5205.849678061022,,
734,22084,28,26824.352743000978,27810.407924688174,5726.407924688174,,
735,22115,19,27388.040494244757,28480.404331400838,6365.404331400838,,
736,22138,7,27090.438066191746,27824.63901489431,5686.63901489431,,
737,22167,10,27330.692235957504,27933.978003892094,5766.978003892094,,
738,22191,12,27269.623798448392,27815.633109445163,5624.633109445163,,
739,22213,11,27202.83772340125,27547.471611184614,5334.471611184614,,
740,22242,5,27530.834064941933,28401.511599516405,6159.511599516405,,
741,22271,15,27274.92798553689,27934.169475914307,5663.1694759143065,,
742,22306,2,27316.388921531685,28151.3983204196,5845.398320419601,,
743,22334,13,27279.982961190144,28203.92769309965,5869.927693099649,,
744,22363,11,27551.714251871734,28608.09727264954,6245.097272649538,,
745,22394,25,27697.4492233529,28379.23030146019,5985.230301460189,,
746,22422,23,27704.713357814133,28762.12751262208,6340.127512622079,,
747,22451,26,27477.279787962343,28096.906439627863,5645.906439627863,,
748,22483,22,27803.50385750349,28857.644909343537,6374.644909343537,,
749,22511,29,27607.25939407018,28322.592907124737,5811.592907124737,,
750,22551,16,27918.49465428608,28722.82051379829,6171.820513798291,,
751,22573,1,27973.044885593717,28808.15617930712,6235.15617930712,,
752,22612,0,28018.422929251003,28739.32177161906,6127.321771619059,,
753,22641,18,27888.827356282476,28826.078435877884,6185.078435877884,,
754,22672,3,28243.715079092275,28269.887583748878,5597.887583748878,,
755,22698,20,28015.88120068366,28814.395722381378,6116.395722381378,,
756,22726,27,27992.37997770201,28630.23953898003,5904.2395389800295,,
757,22766,21,27855.905510605615,28396.490073131485,5630.490073131485,,
758,22797,12,28337.945276640225,28727.341306321665,5930.341306321665,,
759,22824,24,27791.48446787332,28752.9501299396,5928.9501299396,,
760,22851,9,28057.10364231487,29105.894214817672,6254.894214817672,,
761,22889,3,28488.103073574875,29664.80141555708,6775.801415557082,,
762,22925,15,28096.286717440307,29398.101186178494,6473.101186178494,,
763,22951,7,28148.429070331473,28701.227156361005,5750.227156361005,,
764,22976,6,28183.150717932913,28760.236174880778,5784.236174880778,,
765,23003,14,28328.38724883811,28766.445262747853,5763.445262747853,,
766,23033,10,28150.791287617976,29240.420499782595,6207.420499782595,,
767,23063,26,28255.380412254286,29041.175229964716,5978.175229964716,,
768,23091,28,28220.880822697287,28692.47174725321,5601.47174725321,,
769,23127,17,28302.042012753867,29301.26540114866,6174.265401148659,,
770,23152,2,28809.775112234136,29500.05041962967,6348.0504196296715,,
771,23181,21,28637.24305857507,29998.22307148983,6817.223071489829,,
772,23209,19,28756.43512678425,29633.088689782726,6424.088689782726,,
773,23230,5,28551.79466576141,29660.785442467874,6430.7854424678735,,
774,23258,29,28526.124231495214,29245.23202440595,5987.232024405948,,
775,23291,13,28327.475254791494,29136.508510345622,5845.508510345622,,
776,23322,4,28704.348210356384,29132.824580766704,5810.8245807667045,,
777,23360,8,28641.127379926897,29259.557924065608,5899.557924065608,,
778,23388,25,28771.8471630441,29530.434437874275,6142.434437874275,,
779,23418,6,28792.686136359953,29983.371794148366,6565.3717941483665,,
780,23438,28,28960.948934366006,29826.934093915723,6388.934093915723,,
781,23470,14,28968.259533799235,29802.46361098563,6332.463610985629,,
782,23514,7,28982.54192668066,29948.37860695043,6434.378606950431,,
783,23538,27,29032.797609325167,30173.090534630985,6635.090534630985,,
784,23565,11,28820.01470940263,29270.081141518785,5705.081141518785,,
785,23602,0,29041.265474981126,29508.915403574978,5906.915403574978,,
786,23635,18,29056.02190719203,29603.89294597197,5968.892945971969,,
787,23659,16,28851.451769720014,30384.62322617004,6725.623226170039,,
788,23685,23,29159.952851181602,30112.871809969718,6427.871809969718,,
789,23712,22,29128.925207190616,29937.375041813866,6225.375041813866,,
790,23739,20,29181.138138799222,30231.889453244192,6492.889453244192,,
791,23770,24,29226.246020477432,29544.858962461713,5774.8589624617125,,
792,23800,12,29246.402959692437,29557.610713755654,5757.610713755654,,
793,23828,1,29255.33623252953,29772.16854173455,5944.168541734551,,
794,23862,11,29387.234886657385,30066.64410852936,6204.644108529359,,
795,23900,10,29468.89369295851,30016.650463182694,6116.650463182694,,
796,23924,15,29659.476395408445,30428.477765466912,6504.477765466912,,
797,23958,26,29529.162934727858,30115.269102525835,6157.2691025258355,,
798,23982,8,29761.44436540468,30459.75205932519,6477.75205932519,,
799,24013,4,29241.014229070042,30463.482503463776,6450.482503463776,,
800,24050,9,29789.663181647844,30320.862767491057,6270.862767491057,,
801,24078,29,29616.803013585675,30480.616947110288,6402.616947110288,,
802,24107,13,29271.037317669554,30102.699717230767,5995.699717230767,,
803,24134,17,29588.96142128102,30142.880798009042,6008.880798009042,,
804,24159,5,29749.83037494581,30925.35221864616,6766.35221864616,,
805,24183,2,29765.293704181797,30567.27306462882,6384.273064628818,,
806,24208,25,29810.128914044257,30800.381450704394,6592.3814507043935,,
807,24238,12,29933.695810509034,30542.13639560278,6304.136395602782,,
808,24272,18,29685.477258189454,31145.36625945462,6873.366259454619,,
809,24296,19,30067.18775681697,31145.689917044667,6849.689917044667,,
810,24337,3,30049.18793977457,31037.85380705458,6700.85380705458,,
811,24367,7,30083.497073489983,30770.342567989155,6403.342567989155,,
812,24389,0,29931.641082946364,30353.578437153818,5964.5784371538175,,
813,24425,1,30081.16045101374,30831.046521158274,6406.046521158274,,
814,24455,14,30207.15855782831,30924.583329058027,6469.583329058027,,
815,24487,24,29747.6396321519,30506.1247925647,6019.1247925647,,
816,24514,22,30312.380375109275,30779.64142412887,6265.641424128869,,
817,24542,28,30012.958285890854,30816.55955509607,6274.559555096072,,
818,24573,10,30192.880426582793,31353.815980553114,6780.815980553114,,
819,24603,17,30384.496194869425,31322.585895450837,6719.585895450837,,
820,24638,6,30339.811129800313,31209.50356941616,6571.50356941616,,
821,24667,21,30361.94274376506,31124.596513069093,6457.596513069093,,
822,24705,13,30468.890924115913,31081.59284200344,6376.59284200344,,
823,24720,11,30347.04560638556,30940.65140770221,6220.651407702211,,
824,24746,27,30467.703840508366,31185.3744174108,6439.3744174108,,
825,24776,26,30589.362975086955,31319.53725492177,6543.537254921772,,
826,24812,9,30356.555904086206,31311.73870688871,6499.738706888711,,
827,24836,4,30653.4851350245,31687.098571249076,6851.0985712490765,,
828,24866,12,30618.195583082008,31534.290701967,6668.290701966998,,
829,24899,16,30724.355473682695,31739.394714767746,6840.394714767746,,
830,24924,23,30717.872636415435,31027.467533014198,6103.467533014198,,
831,24959,2,30795.362959187958,31484.563152718565,6525.563152718565,,
832,24986,15,30528.607681076584,31454.233564018148,6468.233564018148,,
833,25017,24,30602.633859496258,31400.12649324005,6383.126493240052,,
834,25051,0,30972.217265550484,31307.39781391211,6256.39781391211,,
835,25071,20,31003.967817142573,31361.930105659114,6290.930105659114,,
836,25103,25,31115.222680533017,32204.521363903583,7101.521363903583,,
837,25134,3,31117.60968458094,31835.282275113266,6701.282275113266,,
838,25164,14,31098.32163801722,32102.11601211588,6938.116012115879,,
839,25192,8,31006.575614048284,31925.771112233382,6733.771112233382,,
840,25220,29,31161.728538554744,31422.950666254525,6202.950666254525,,
841,25249,23,31169.819210208392,32239.92487846774,6990.92487846774,,
842,25277,22,31149.316957536208,31462.10353664122,6185.103536641222,,
843,25305,7,30830.184025190665,31866.10965039782,6561.109650397819,,
844,25327,6,31377.800925307452,32249.739869600504,6922.739869600504,,
845,25354,1,31089.48993856332,31710.44766646731,6356.447666467309,,
846,25388,0,31435.432965335458,31936.466697619606,6548.466697619606,,
847,25412,28,31193.564860098533,31642.667936187972,6230.667936187972,,
848,25444,5,31496.775879339344,31944.972284896572,6500.972284896572,,
849,25471,13,31509.75752994489,31818.603790471072,6347.603790471072,,
850,25499,11,31221.514363607756,31901.553056354584,6402.5530563545835,,
851,25532,27,31670.42493024426,32946.38432262264,7414.384322622638,,
852,25560,20,31415.96713000354,32333.779537553262,6773.779537553262,,
853,25586,18,31591.887255601498,32398.54311146332,6812.543111463321,,
854,25609,19,31172.37324517292,32204.319397126354,6595.319397126354,,
855,25641,21,31414.896358056994,31878.365820799863,6237.365820799863,,
856,25665,29,31569.88262329587,32604.848423596824,6939.848423596824,,
857,25696,10,31488.173712001662,32189.66338884924,6493.66338884924,,
858,25726,17,31608.86198596487,32696.868143729847,6970.868143729847,,
859,25757,9,31511.86116939605,32143.844286313248,6386.844286313248,,
860,25792,24,31857.346352826225,32235.848787476298,6443.848787476298,,
861,25818,15,31764.808836697735,32130.24014268079,6312.240142680788,,
862,25849,26,31944.54045491358,32610.719109630165,6761.719109630165,,
863,25886,22,31942.279546037775,32742.65919197001,6856.659191970011,,
864,25923,12,31682.937935375496,32239.865320128753,6316.8653201287525,,
865,25958,3,31950.39091944548,33137.0265305226,7179.0265305225985,,
866,25978,16,31852.14665488409,33226.724416738776,7248.724416738776,,
867,26009,0,31965.5355813271,33389.58626719939,7380.586267199389,,
868,26040,4,31872.875318986786,32851.56734806494,6811.567348064942,,
869,26071,1,31907.93690668054,32959.19415008013,6888.194150080133,,
870,26099,28,31900.2975152351,32463.178706899973,6364.178706899973,,
871,26139,2,31820.36368875149,32419.08968380392,6280.089683803919,,
872,26171,7,32097.792623445042,33002.76969176479,6831.769691764792,,
873,26193,5,32289.612677189758,33708.91214588596,7515.912145885959,,
874,26217,14,32161.149900688462,33168.833271278214,6951.833271278214,,
875,26248,13,31917.729972683443,32939.13524965486,6691.135249654857,,
876,26283,21,31969.76603961798,32595.754065526497,6312.754065526497,,
877,26315,9,32365.60316437679,33366.77285364662,7051.772853646617,,
878,26347,12,32345.439938290507,33411.52693332313,7064.526933323134,,
879,26372,11,32187.988040251454,32747.27037361163,6375.270373611631,,
880,26398,8,32267.443469909562,32672.020898558014,6274.020898558014,,
881,26427,15,32322.991277567202,33414.94518866774,6987.945188667742,,
882,26453,23,32564.347442417908,33262.08361638513,6809.083616385127,,
883,26480,24,32471.571081712544,32860.0355607212,6380.035560721197,,
884,26505,10,32678.601012682793,33494.51089008621,6989.510890086211,,
885,26534,19,32550.452319570897,33522.63130709305,6988.631307093048,,
886,26569,20,32650.4954986288,33597.53928324443,7028.539283244427,,
887,26592,6,32618.892954376995,33199.75272650722,6607.75272650722,,
888,26620,2,32753.616214889273,33667.26867143002,7047.268671430022,,
889,26649,25,32656.229234102895,33310.06859216223,6661.068592162228,,
890,26684,21,32690.247451538427,33592.40000336023,6908.400003360228,,
891,26716,18,32592.41420265538,33176.41103999458,6460.4110399945785,,
892,26747,28,32739.338081175047,33496.41074634304,6749.410746343041,,
893,26771,17,32700.868143729847,33565.68034583385,6794.680345833847,,
894,26798,24,32884.22233396609,34235.635973304896,7437.635973304896,,
895,26820,1,33200.855069552024,34232.3635195556,7412.363519555598,,
896,26852,8,32974.52379110617,34098.125008219744,7246.125008219744,,
897,26879,26,32928.013925219704,34001.78737469962,7122.787374699619,,
898,26907,22,32849.17210198565,33853.815723768246,6946.815723768246,,
899,26938,29,32834.84842359682,33456.411536950116,6518.411536950116,,
900,26978,11,32939.873592691685,33816.18507800892,6838.185078008923,,
901,27008,4,33416.03612488081,33723.27491144881,6715.274911448811,,
902,27041,13,33134.1455057954,33870.43118986542,6829.43118986542,,
903,27076,18,33421.22321289454,34455.870383885,7379.870383884998,,
904,27094,6,33451.38142121432,34529.30738518606,7435.307385186061,,
905,27132,14,33337.51344201562,34059.780001797735,6927.780001797735,,
906,27170,7,33650.7727781772,33934.77982034341,6764.779820343407,,
907,27201,0,33737.71411727749,34657.63566657042,7456.6356665704225,,
908,27234,27,33520.48971364418,34301.357169816496,7067.357169816496,,
909,27251,19,33768.568290891744,34338.81872578341,7087.818725783407,,
910,27279,9,33466.75785252145,34671.164790000235,7392.164790000235,,
911,27313,10,33877.640111107,34752.413618458726,7439.413618458726,,
912,27339,20,33813.560115573164,34701.28723609386,7362.287236093864,,
913,27372,23,33429.684332374054,34512.25436318938,7140.254363189379,,
914,27410,28,33873.633492210785,35018.55444447257,7608.554444472567,,
915,27451,16,33954.958582375075,34839.97666128646,7388.976661286462,,
916,27475,29,33642.44647990439,34391.023252226194,6916.023252226194,,
917,27492,3,33680.84727304719,34041.0413327938,6549.0413327938,,
918,27518,12,33954.599672465876,34445.283777649536,6927.283777649536,,
919,27544,21,33776.56568963213,34635.401132026964,7091.401132026964,,
920,27574,25,33617.27861804029,34203.14196181563,6629.141961815629,,
921,27605,13,34068.76928504635,35232.44168848076,7627.441688480758,,
922,27634,4,33823.484691410646,34536.54000470132,6902.540004701317,,
923,27661,7,34019.21322605466,35555.952675446795,7894.952675446795,,
924,27691,22,33958.01745120114,35227.164286836676,7536.164286836676,,
925,27732,15,33464.94518866774,34992.94723365538,7260.947233655381,,
926,27765,17,33834.49254793784,34645.34064229375,6880.340642293748,,
927,27808,2,34263.07820475422,34476.52688512784,6668.526885127838,,
928,27846,8,34212.25213032488,35648.56174993378,7802.561749933782,,
929,27865,11,34042.29345910082,34676.01771645144,6811.017716451439,,
930,27892,5,34293.079930002816,35035.0064923727,7143.006492372697,,
931,27920,3,34280.91213135002,34835.13667019272,6915.136670192718,,
932,27944,26,34136.63914517372,35368.5474414741,7424.547441474097,,
933,27972,19,34358.81872578341,35559.33625172445,7587.336251724453,,
934,27997,1,34515.26279491699,34947.51993492183,6950.519934921831,,
935,28022,25,34578.51510949671,35315.26011224578,7293.260112245778,,
936,28059,27,34595.18194753274,35466.773830342165,7407.773830342165,,
937,28092,18,34755.97203333065,35162.57558525775,7070.5755852577495,,
938,28123,12,34750.41653564186,35861.756679833066,7738.756679833066,,
939,28150,14,34370.53714169962,35061.034285263966,6911.034285263966,,
940,28180,2,34686.9003625436,35258.6751763633,7078.6751763633,,
941,28217,29,34725.63496750227,35247.36872224663,7030.368722246632,,
942,28253,23,34854.83865938522,35465.91097630442,7212.910976304418,,
943,28285,9,34949.00287234317,35415.12659048911,7130.126590489112,,
944,28308,24,34532.381655666075,35687.20041596323,7379.200415963227,,
945,28348,4,34625.59055214489,35522.97240499922,7174.972404999222,,
946,28375,17,35092.98000606776,35948.30934714482,7573.309347144823,,
947,28408,21,35319.317062533046,36240.54938936488,7832.549389364882,,
948,28437,20,34780.69126621829,35478.242032581555,7041.242032581555,,
949,28461,0,35046.02722157645,35438.40347343879,6977.40347343879,,
950,28489,18,35285.61216518421,36486.26059961137,7997.260599611371,,
951,28517,3,35402.9332887103,36008.384435125125,7491.384435125125,,
952,28553,10,35410.31634683124,36039.78675916212,7486.786759162118,,
953,28576,15,35211.22458016665,36122.86515182762,7546.8651518276165,,
954,28610,1,35437.83615941374,36390.66464373521,7780.66464373521,,
955,28637,11,35143.36876224036,35828.244119297226,7191.244119297226,,
956,28665,6,34802.792302503265,35487.089441751225,6822.0894417512245,,
957,28694,16,35452.76128903099,35996.23529944915,7302.235299449152,,
958,28727,28,35280.640308265334,36472.356529267396,7745.356529267396,,
959,28754,5,35567.2066426921,36057.04203589954,7303.04203589954,,
960,28782,25,35570.79875902939,36527.2609292387,7745.260929238699,,
961,28808,13,35512.314874048796,36020.02100503778,7212.021005037779,,
962,28830,9,35741.19713500364,36919.6673579507,8089.667357950697,,
963,28854,2,35440.82346759876,36761.38664743255,7907.386647432548,,
964,28883,19,35686.24566823876,36645.13662224716,7762.136622247162,,
965,28919,23,35869.19003601369,36476.35098410093,7557.350984100929,,
966,28955,4,35623.47116121043,36536.20599511503,7581.2059951150295,,
967,28977,11,35938.30319434331,37079.461440934174,8102.461440934174,,
968,29005,29,35719.49688281323,36580.396006868425,7575.396006868425,,
969,29038,14,35462.2885687302,36271.55865005214,7233.558650052139,,
970,29069,22,35493.706966345984,36402.48767415897,7333.487674158969,,
971,29102,20,36131.67144728524,36250.36854076271,7148.368540762713,,
972,29128,27,36032.19049086783,36574.03510424349,7446.035104243492,,
973,29152,7,35773.03560890772,37015.44380396413,7863.443803964132,,
974,29175,6,35819.50634866181,36740.10169278485,7565.101692784847,,
975,29198,26,35740.62270267806,36601.390233958926,7403.390233958926,,
976,29233,0,35624.95373476265,36545.233819807276,7312.233819807276,,
977,29261,8,35679.94645958673,36518.21337703809,7257.21337703809,,
978,29286,5,36374.5400673895,37166.65463385999,7880.654633859987,,
979,29313,12,35992.85206495398,36904.39084028614,7591.390840286142,,
980,29353,24,36212.277553153566,36661.81088031253,7308.810880312529,,
981,29387,10,36306.278785309245,37284.278807212366,7897.278807212366,,
982,29415,16,36303.757656359994,36746.011799608554,7331.011799608554,,
983,29453,17,36150.71982118211,36843.56516842529,7390.565168425288,,
984,29487,15,36382.76128492698,36921.92544420156,7434.925444201559,,
985,29524,13,36526.58985524474,37052.78190900208,7528.7819090020785,,
986,29554,21,36601.748780283524,37423.631716313655,7869.6317163136555,,
987,29585,18,36779.77891249832,37681.76458784319,8096.764587843187,,
988,29619,20,36607.57016449922,37772.68789977021,8153.687899770208,,
989,29650,1,36656.25455318209,37194.24263861678,7544.242638616779,,
990,29674,3,36972.45341605958,37780.57469408659,8106.5746940865865,,
991,29695,27,36831.19264350688,37776.505020504876,8081.505020504876,,
992,29731,19,36724.193563751374,37551.43386350147,7820.433863501472,,
993,29772,29,36751.024257753204,37621.32343853944,7849.323438539439,,
994,29797,22,36783.8169282164,37685.60552636311,7888.605526363113,,
995,29824,28,36524.74927685712,37409.39361921448,7585.393619214483,,
996,29847,14,36472.419298263776,37523.73347323991,7676.73347323991,,
997,29882,4,36635.74493222006,37516.238888428226,7634.238888428226,,
998,29914,8,36707.02280476881,37356.81346086037,7442.813460860372,,
999,29945,16,36895.788299767955,37927.3894737585,7982.3894737585,,
