,WT_default,WT_anticipation
0,286.9276162439835,286.9276162439835
1,423.9352738712287,423.9352738712287
2,392.0765575295711,392.0765575295711
3,529.9639783825482,529.9639783825482
4,548.0703882458539,548.0703882458539
5,682.0379905906415,682.0379905906415
6,160.67578109378246,160.67578109378246
7,753.5026835698393,753.5026835698393
8,342.62367102761004,342.62367102761004
9,663.2619284791439,663.2619284791439
10,530.0296047684773,530.0296047684773
11,656.6190217483418,656.6190217483418
12,679.3804101199811,679.3804101199811
13,402.2128547968407,466.6566420121312
14,669.3531695722434,328.2270888932735
15,344.85017625660157,677.3090261211055
16,677.3090261211055,731.8781860094107
17,341.03918002785167,1119.1424891773286
18,1119.1424891773286,1071.8426732387275
19,1071.8426732387275,416.57264823269406
20,953.1550512027218,614.9046093379734
21,695.5877634481155,953.1550512027218
22,950.7605685299941,920.3961418898325
23,1084.2764149436923,1084.2764149436923
24,730.2599406734089,464.58084344796225
25,455.7904200301905,1131.9016197507667
26,517.4032026739596,502.143943441057
27,662.5086818294351,590.9669768476735
28,1131.9016197507667,656.0855840570525
29,594.775786914478,816.7009013542652
30,503.8729512468999,972.7856116454725
31,816.7009013542652,1044.9432058052407
32,976.5594822313581,909.7700427448976
33,256.17184948340264,653.6642287954714
34,1052.7055347760222,366.29775644256506
35,717.5590684174447,1070.760818754463
36,739.2227558343748,297.9336925384175
37,887.8675263443401,905.0539121990851
38,320.6709099830907,882.0297851081928
39,405.58412929516544,658.9213315655891
40,1162.873842373891,454.46747789668734
41,358.6892629490558,753.0670003300054
42,753.0670003300054,1057.4628164907858
43,303.8984958800395,358.3623029721084
44,748.9312789245914,613.4618498279249
45,788.552495140709,788.0549100199419
46,779.8216570763025,841.991272534633
47,713.4147031810985,822.5904307405726
48,908.4624243130952,883.4049610710254
49,390.32045303031555,346.9781004750321
50,550.4613338183731,186.7306394960924
51,238.68345257046667,961.1202285018803
52,945.0858594368024,713.6654224603785
53,466.5025533878197,575.0232252811879
54,491.32841948436544,324.4954690211239
55,344.43622205236125,531.3075244199385
56,510.8866266911864,744.6975124759215
57,744.6975124759215,698.5521669997038
58,1047.9520004983483,942.30376151767
59,1277.3906335754018,770.9878623431496
60,1026.5404586383656,1190.0768518835212
61,765.0769699727607,765.0769699727607
62,898.7182804386553,736.5469179023594
63,1110.45226814355,1129.880162710237
64,722.3264985220053,1081.992046457582
65,885.3124032055175,968.375284243737
66,734.597448598287,595.8343729659259
67,489.91064822707176,578.0564117041877
68,656.906737474912,263.65488362789984
69,729.7556716454678,660.803674073085
70,564.1348144429458,460.5230512513317
71,453.9465290722528,528.2597742014759
72,1123.4573608513501,1286.3744414844555
73,205.6013905975651,874.9129752985841
74,427.3103722158444,661.319999848773
75,1238.25021506115,543.0943497376375
76,507.4585174499448,406.0841814534401
77,268.64304231727556,879.8953944807085
78,665.7621549287578,1154.0569236236338
79,615.1454882298781,1074.1418359197369
80,798.5061856166849,570.1716313027478
81,263.7893774291624,1124.804711512042
82,541.1754937994469,355.1749762635118
83,888.8815082699703,943.6806406290243
84,620.1965318834755,630.250507162661
85,1173.5692765504118,969.4349774549601
86,630.250507162661,578.5135374365718
87,578.5135374365718,444.9062390110962
88,319.56001105125006,587.1558226867337
89,446.86366653859204,1032.5704351503655
90,944.9588466116547,1097.8275220434193
91,864.563958004418,219.67195990388382
92,633.1084466804023,885.7125685649357
93,286.7294144349253,841.4662461840198
94,1128.3302555795162,711.7322531472605
95,600.5303197572034,1173.1068790473737
96,764.8828045027481,1091.4880621191965
97,849.5442489714101,896.5600110512501
98,982.6789474258749,852.5115340199209
99,838.6448232960352,790.6995024292701
100,668.9417015342028,1064.063364536004
101,272.6206164614309,1372.182782079617
102,330.4984406844633,714.8458777624583
103,697.6755086920334,442.42279492482703
104,648.8001316222299,666.534952772462
105,478.7698387129244,1168.8878009756781
106,952.4854986642149,957.2506280280545
107,790.6995024292701,897.1943264499769
108,878.1407928284593,895.6512599360358
109,420.6393957923633,780.0634573339858
110,970.3655940003446,891.6915464780195
111,846.8163257159686,2046.8363334148235
112,786.8720670599123,408.313604965595
113,408.313604965595,403.9212435959953
114,403.9212435959953,777.3129112161969
115,886.5216958370256,890.4875061207858
116,713.3504198654728,789.0913167456301
117,945.0482894709849,897.9650611169918
118,643.6321043022654,1349.9255160343437
119,853.2975624001783,524.9763789655772
120,820.0497130126314,346.2782281107602
121,790.7262628951848,811.8722248293989
122,445.6581883701083,574.0250411978705
123,635.9671057179476,680.936407957166
124,523.3585367241594,912.9061856979761
125,333.34506983816027,1109.6109164563368
126,1053.8356173404345,921.7076032140567
127,647.943553043071,428.86692975232563
128,783.1450365489982,1353.6307287877935
129,593.8252212511215,586.0766609917682
130,625.2046296008157,758.5253388385254
131,1359.4883391865142,1108.2580573529767
132,931.6759674270361,626.0992579561071
133,1048.063069746001,1696.587288923277
134,237.7462692014833,488.8263921747948
135,428.86692975232563,944.5427816401225
136,1003.901869886542,382.6715540186078
137,706.1164469744417,906.6475622097278
138,845.0874064808759,1644.1588165561561
139,781.3637602995641,1118.0397598599939
140,506.3333834649675,1083.2757295171268
141,353.5169902571988,498.04458082148176
142,692.4412946945076,768.4877837662943
143,830.8274668685881,800.0745130451232
144,660.8575556764708,869.2388345043528
145,597.2092796867091,760.9599161029728
146,716.1386310503021,1006.289983922622
147,660.3969984400128,925.6608781343966
148,958.6307820313341,288.1568003389375
149,1166.4621241578461,1649.625687849597
150,914.4401142515599,1667.0524110766237
151,784.5583403032442,489.91078992935763
152,707.1552783290217,923.8904846588957
153,1140.2329443772642,402.32155494460403
154,955.9406543846935,925.4570311236384
155,714.9191575906734,1046.8341613832017
156,321.7823676847247,1445.1680640820905
157,682.2812883350152,509.2514997368289
158,347.7261155159222,712.005490471045
159,549.2585074869457,847.7668765380113
160,719.8691801657424,790.3441720469118
161,659.5842001893934,419.27635400590407
162,432.45464559718766,606.5553215884265
163,992.4445302870963,435.6083264874842
164,565.2406768068158,861.5953678233618
165,845.2422028772826,517.8526539850045
166,992.4394859672338,1165.4655719309094
167,468.3651990423459,1591.091172308712
168,576.900668678285,1079.3949051684767
169,659.2764980009597,1193.4131819405447
170,388.25870556102564,1073.510927395664
171,816.6492453229039,1022.0530760062547
172,1002.7772208779043,444.86685903043326
173,1132.9331333429745,1464.894613859291
174,968.7756376832622,391.45963526240575
175,579.6913860165132,1856.9489171070072
176,773.5834040860746,1069.3369438125137
177,608.9523376283942,749.6921345638038
178,765.9031166144896,1009.7227404405694
179,100.11419257183206,1092.6725099581854
180,1185.0476140211695,234.09589886860158
181,570.0572711235945,1061.0006654887093
182,1010.8185487516348,623.8296296585468
183,324.43702819501414,924.6145324269528
184,248.18617316822656,218.2491120745808
185,1039.8194137301944,521.8401735290981
186,829.8953614085758,504.4958420892772
187,642.1337661888174,636.2181043310611
188,701.8567417853164,1081.4884872213097
189,874.6956986116975,1144.7701723148002
190,1112.364397453991,943.9498749419536
191,308.1187152637349,299.07859834586725
192,286.59677311205724,877.7709047044418
193,664.6529399690753,1305.2958405560403
194,755.5339073603409,629.9486409454612
195,1217.2759396062565,779.0346246932959
196,768.505702821928,1686.5004993523926
197,960.083815454901,1038.0055601330323
198,253.6169589234678,1155.5896085656386
199,959.1310352065038,1058.3057743361896
200,1104.8731743997287,504.3989004357809
201,736.3542685772863,774.8235726059302
202,620.5372308232772,1091.5413014907444
203,1246.3337685303704,440.7949574811555
204,898.2012800136736,299.8728233640759
205,1349.1141676341867,254.68159035727422
206,794.8831031970758,1300.8048395727901
207,533.3249516198684,1504.0282377340063
208,1164.7217984463841,779.8095007574384
209,371.7023839167041,1085.4355543367456
210,818.3152919616832,665.4189207790096
211,939.3866862651457,1329.6543319276934
212,434.3619972938732,753.3397980096925
213,498.1673428444019,587.0726892512093
214,307.85943558199233,428.00339370787697
215,862.9565298986072,712.912019657756
216,425.6118659325766,1090.787347552482
217,672.0335040438686,1011.7658512707876
218,439.0904152644098,681.046351549523
219,1034.2705493048634,1024.7049115874179
220,769.0944446053118,973.8720877216183
221,635.7924602352632,1515.2655711468387
222,754.6995129398392,427.6200982071123
223,676.7449088347366,608.851687025297
224,950.1040127607066,2017.6172372991823
225,1054.675546390532,1014.9184887874126
226,807.3693895641745,993.4782170629232
227,686.4800126383425,518.0801444998206
228,144.26482648489855,289.4853226955729
229,1649.208756259608,957.8629343468629
230,609.1488228007411,750.664843514176
231,863.945668424336,926.6378793456279
232,538.9876494473046,868.0001051876898
233,878.4011774469618,847.5950958766007
234,823.0789747864219,1102.062380324569
235,520.1903314174351,659.9284284218647
236,445.01535401849196,834.5677992504861
237,622.4778342621184,820.8736683641046
238,902.1397214464614,965.5272900933705
239,961.4662809580441,1121.1610251855745
240,1001.5736848656816,582.469378449433
241,735.9540320642718,1865.8619295415801
242,907.8094080336996,1933.5746914925166
243,733.6157929979254,344.13805779146605
244,879.8022026927574,872.6733955269328
245,719.022091698962,764.9891170733499
246,585.6961356662723,551.135483988689
247,502.5893131738594,727.4040907793769
248,1048.2947552401874,556.8258300126836
249,419.0098302115348,1070.3059522648873
250,863.637645879252,1059.1382952268832
251,708.0693941128511,643.5632831192488
252,665.178215732818,1258.113332132696
253,1389.6731763303287,807.8655773625433
254,667.8941716882327,1129.1105866028684
255,547.4077281217051,346.4280132224558
256,274.71272573623537,989.7456833457945
257,480.852040510008,649.7026152043036
258,485.19190588674246,1114.6154769195346
259,735.0308320444092,792.8896592779911
260,485.19505226841466,517.9325137743235
261,637.1538497022211,974.3344875946568
262,456.61141263985337,832.6526572772418
263,881.4612335544462,1131.9829089048417
264,732.5675152737731,706.9568691559452
265,926.2205647303654,820.9025726671862
266,1074.4544927841707,429.12257138646964
267,230.7063714345786,735.681392588378
268,1069.6616486745734,779.5850274418171
269,568.251495723247,741.1538111510636
270,1216.3413293376288,410.5756914721296
271,956.0290519181108,570.2257872382543
272,712.8096734397914,1215.8633629889537
273,259.80893834510243,739.141931806862
274,403.2684942120977,653.001262554144
275,384.1713466605761,426.25810541688406
276,639.1920240532672,484.5654368788746
277,648.7693328832465,1183.6076791740743
278,832.2923116849051,617.1424151810133
279,692.5404414308323,1237.2470256370325
280,636.187107841637,422.99483615623467
281,1176.8252274237184,196.4872353839637
282,771.9752745791047,833.3564174281437
283,343.36874320626157,889.2308135977946
284,887.8102768885656,1149.9498294921214
285,257.18547575282173,1401.7087690061962
286,1185.0074852078742,1180.5791427768418
287,399.03649591450267,822.3964788458961
288,296.5497156544516,628.4606010613552
289,528.6569245382398,1277.2974662041852
290,573.8531375270632,799.0514963424084
291,1127.4683819406691,460.5545607306667
292,424.0356506107164,962.1373405356298
293,862.258126675857,729.5990222211749
294,443.1119958760373,1112.7911202949417
295,824.8638666750048,698.136305115122
296,642.6118004777054,896.8939966934522
297,405.82475031883405,660.5841642012092
298,464.24589804281277,1153.8917573137041
299,817.6617275468889,372.2144683193146
300,1052.1889776110584,734.5798248321389
301,291.7981567635634,766.5784839616608
302,535.100053233502,1144.579990146991
303,524.622615296048,294.43932838037654
304,497.37294599502275,781.574472017377
305,225.21916025293103,767.8734703666669
306,1116.0619447257104,738.233890538082
307,770.0427851255499,1084.4312196265055
308,280.6034159242299,1331.2910169721436
309,100.93567617879125,278.92137558208924
310,643.0863770862652,801.1146741413395
311,605.6837989025771,701.8490414172338
312,224.51780918953227,1329.3005498204784
313,462.5546097090446,788.8841449200063
314,402.61878113763487,542.3200016990231
315,1070.2263439968083,831.6900949406336
316,1221.2662990153458,658.8417911039451
317,810.5388153585827,1131.0929952524639
318,542.3200016990231,905.6115715837204
319,772.175678279531,1016.8009698211772
320,416.9317652729769,661.4529928291304
321,835.0830167378535,1116.255414990017
322,1079.449662414192,1510.5922732301406
323,1083.1182242934337,987.4497128351504
324,627.5807984166895,848.8907437637336
325,561.2815313145202,365.77601933470396
326,785.5031565525951,1299.046753679344
327,1055.5480902781164,1012.0806695346473
328,987.4497128351504,925.3379516493405
329,445.1634527450151,877.3144948260833
330,365.77601933470396,521.7479707279654
331,758.5612197856717,334.10124609421473
332,647.1228187055422,1188.7932193802826
333,794.8187008136247,1307.6347763138383
334,1133.0951006428622,243.10326135467767
335,521.7479707279654,986.2502886637103
336,1065.0476660876611,929.1830647486513
337,735.2115157108801,899.0742680733783
338,1009.8352396375903,554.0503732919406
339,263.7984287772233,773.7928569325941
340,1585.1197885898855,1019.2449887797047
341,396.85976428709546,1057.7894828958615
342,779.8258630589498,837.3440169288951
343,478.40782802728245,964.596421966502
344,789.6117830818912,415.14765412102497
345,650.9750028696035,708.7179240412061
346,806.438144012247,748.0165680067967
347,1185.8420210500753,849.5975189338787
348,869.5887690553118,582.6593781616284
349,1044.9945542643272,1045.8495818995161
350,731.2837190392584,718.2112666080429
351,189.1540134586612,1230.6389314497574
352,574.0997480206552,222.2228285251549
353,448.8350165254142,2104.6786953316914
354,1172.8009061569956,461.763338264147
355,525.6550006788275,1006.0655119315306
356,616.41370338667,1205.6896716417832
357,315.25243381527616,606.7884232522356
358,980.9942419185936,566.4597953965076
359,939.4267818897897,737.1839335795121
360,511.92403975805246,1353.997877831449
361,524.715527856346,902.5890715745281
362,851.2267325930843,570.1135192799302
363,180.4112559467685,922.6638375751136
364,342.1054063084903,1061.3741302418111
365,1148.0858422582824,810.6286421915756
366,243.14998485293836,324.2364701395709
367,566.4088251421163,951.3413706059746
368,720.6997234665323,438.357092738408
369,260.8234211788149,1852.4944839453783
370,472.3178785359851,1439.7951970591894
371,891.0784539783326,465.90620587740705
372,978.5869100472537,712.8054991075951
373,241.8571987448904,761.4517261259243
374,1293.7397628065737,789.2140100548386
375,400.6662457559996,644.8783476740446
376,554.9201077401394,1403.0837141502925
377,778.9211306675788,999.8424813348702
378,360.99761664390644,1515.7828439459936
379,1375.6272866633026,552.5562132110936
380,435.2030962181998,1254.4475236774088
381,923.8236473299839,1240.7840913146629
382,980.7245776726686,895.5853256607988
383,638.8098192580073,1201.1530839919378
384,1094.3314219783551,1005.634316622567
385,472.7467236714583,1256.6667702959712
386,350.00252949076094,631.3883992623796
387,746.2974171909173,855.1027810876167
388,1231.049295540257,1682.8087632436782
389,1515.8737078287813,1466.602033132025
390,497.4766693205256,640.1133822156116
391,799.7002517576075,593.2641926635042
392,589.7284218283112,1020.4084591275423
393,1010.4648431535552,1477.6903560736391
394,1403.782145681731,1246.413186892618
395,960.1231275605769,534.0564497416399
396,633.344712420294,759.3248060132955
397,622.7599247269336,601.1838117044226
398,235.9519907804588,889.846786129252
399,832.7299383939371,673.5867828468818
400,679.228439000728,969.0859699809589
401,571.2966135213519,503.8004684368534
402,969.6400833099578,1047.8466190347972
403,687.01234520863,600.0725105194197
404,1080.7248469836086,813.2815585726494
405,538.6583005503089,1155.253076150424
406,667.1855036426459,1135.0161471798965
407,689.0194768976362,540.6068957196403
408,899.3720405253061,948.4274412527448
409,634.1231984717069,811.0721410778297
410,945.8462878644586,843.4989850333423
411,472.3331433283038,888.9970896341856
412,957.0429972489346,1445.9349807219187
413,394.4083642911173,809.7750631420349
414,621.7469237071255,757.264290103687
415,569.7576604368314,688.8382368866023
416,901.371672822308,923.4712964959272
417,943.5897239692349,681.6501090693746
418,624.9517763418899,831.3619104459503
419,437.11380779208594,506.6270500801911
420,708.8731249356424,263.47921989599854
421,840.7905064859387,1018.7734594491794
422,1069.3418507608203,712.083059258146
423,347.9356000099724,444.6953428767938
424,822.386828153969,822.1599326029409
425,896.8950335881764,844.5101775156545
426,456.06636837717815,709.579718026389
427,547.4359178021932,486.46921356272105
428,939.2226815246522,412.8736474797315
429,767.3795106070684,1085.6995336779437
430,805.6117763017173,1059.794800144331
431,540.0888651077203,362.15291404606796
432,444.6953428767938,1124.2152257200396
433,765.9048851584012,906.111439083712
434,698.231298059447,900.6867684994231
435,386.20161636067496,1234.4480473384283
436,267.57218666658446,852.9620978866915
437,696.6227960020278,763.6133597294174
438,678.2816311917923,1044.1322763372827
439,443.2416508172046,1332.3250045119858
440,565.9670524449721,984.865023823213
441,226.55163288407493,958.8615320647114
442,516.9753347903334,713.1663995368763
443,312.7386666394741,1200.6971174364426
444,616.8606605560653,631.3034079724439
445,1059.850799767817,482.90304868542444
446,621.0211502137627,1377.5979582081272
447,949.3965459650644,663.3517150806274
448,601.3691135493755,1058.2043533373435
449,429.46189649272856,774.8781731584568
450,929.3082790849239,1151.442946942674
451,962.4177287928451,811.8208656473762
452,893.1519321004707,609.983177602413
453,653.8840541425579,575.760800898639
454,612.2399912524907,733.7793201420482
455,617.5082578227466,788.0098204156784
456,896.8794917138694,1188.7179097383178
457,729.0058968331814,1261.1136811376655
458,991.4003538256711,756.7421600219732
459,579.8629884111906,1191.4020959806621
460,665.906686656197,410.76300706106485
461,546.6686991581792,715.1248045124212
462,314.8832233829489,768.3833692601693
463,954.8378190494368,476.4391035708504
464,824.474193884098,534.1912078292189
465,409.5408720938358,282.09433622958386
466,871.9663460889988,380.28327550634276
467,198.56063500409073,646.5599873892606
468,768.3833692601693,1196.4358652378469
469,336.60213985126757,495.1146724251248
470,300.11371984809193,432.68805314444944
471,242.49502623664557,1178.0930485615845
472,558.0794047705331,961.0524969819708
473,609.7358174577621,939.4765243144939
474,816.311055365315,1516.4065966917915
475,954.1948693482409,627.8327716294298
476,404.91910940062553,1690.0219610896147
477,315.9022179202875,131.2851611747392
478,943.5067101221666,513.8871619337751
479,199.22828439108525,904.6949606793387
480,926.3417757126444,848.23223312769
481,328.653637114945,971.5959348691995
482,715.0131585174295,1480.3933149897166
483,167.23893692035745,732.8185892850597
484,993.7805597086481,859.1823322139335
485,530.4632140732738,430.50606353657895
486,140.70891769855007,1331.752386730368
487,929.0948282824957,862.6928294807749
488,379.75482361107606,709.6737328313648
489,623.4136274399934,1511.0884197316864
490,707.1792901442295,982.3345355391702
491,489.6699999803932,616.5441323125488
492,1031.6881497551494,1465.9705407597357
493,1299.1138182479954,1182.1214063773186
494,413.99825467489427,705.318134314397
495,456.39461741506057,742.8859108514716
496,756.6308834288648,955.0859358268463
497,1383.9377702157817,699.1827504632547
498,616.5441323125488,889.4437682944081
499,534.9617111391617,953.0442324135838
500,284.8517284216214,1678.3312003569936
501,1224.531044334104,718.7815434384775
502,958.3442259284111,496.62067584053875
503,363.1645627002872,1050.4503144434948
504,346.9809726143376,964.317077535612
505,722.2416805454777,1192.7371293353262
506,1014.5090305503945,579.980686546025
507,721.509434989177,656.3126378043617
508,800.4765888256443,606.284372784532
509,439.2369615681291,840.7923788426579
510,481.4587279419302,304.9023107677385
511,835.6741391993164,584.8360824322317
512,1238.316964872065,552.6753362539057
513,790.0215549700424,546.3820237901382
514,255.57629021174034,1253.4833316893018
515,394.30381006165044,1715.780567565951
516,358.24220169170803,698.823677092656
517,576.7978122229106,788.8362731052148
518,1072.1107401109475,786.7637131148367
519,870.9766772834591,522.690365457689
520,609.0181188834213,387.1416136165244
521,705.118366101382,1402.4415655569173
522,470.4427951146172,1026.1101804247373
523,828.2820575807455,1138.4235374189338
524,657.24456840528,1096.5224531978129
525,1285.848530141011,675.336901055929
526,522.690365457689,712.5861671767161
527,1003.4938464233273,1347.4773382902058
528,1097.675776955024,981.5484589407934
529,518.5552218211487,1528.9458505459625
530,1421.1601639078544,1675.8395134929233
531,712.5861671767161,367.56752773888365
532,1193.8747791284295,1754.757586010106
533,838.0486980223577,569.27093636266
534,1459.8769740837597,1074.1696598547715
535,288.2789190003714,1689.3480191576891
536,640.4301359549208,1216.2569564059886
537,957.2775897005668,588.8384989992701
538,873.3313199442855,1072.972774169506
539,1297.8216816895765,819.6631230511484
540,761.3412007226325,411.21127230030834
541,576.2002283340371,717.0417954713084
542,484.95167867419514,873.3122431989759
543,955.6344664291391,1022.1439064775041
544,375.93276632051857,1131.7086846124075
545,1299.4455161540827,585.4637824152414
546,715.32107213177,2088.5496414596637
547,129.8151216923943,1490.3165901396133
548,419.04037808442445,1454.0226772878086
549,584.9060352787346,398.6601272004882
550,398.1134524119516,1128.042801313717
551,377.58241438792174,732.2406462146864
552,907.3303098627875,1031.7980132609155
553,861.0004754853726,1217.067090665605
554,1040.045103552049,499.76146437848
555,157.8403733747764,1071.2193547747047
556,497.1414223961983,1963.2821750504118
557,1252.068422363849,676.3819276479007
558,1179.390924821102,1458.397171956276
559,1504.3513917585442,852.0401540818675
560,1313.0584638395048,1092.9483755769797
561,867.0045784666654,1579.6211060385795
562,651.3095849424863,852.0909840278691
563,985.5416451060446,549.4589970386915
564,1518.3895673389889,412.13618822558783
565,913.937907268326,773.3302853604691
566,487.42260896157313,1045.0712603634347
567,379.11288039071223,377.40361827667584
568,686.612157790707,446.6392757274043
569,686.601651812307,1195.7769180144314
570,569.797847243357,963.5223023386861
571,1047.9440621751892,675.0002366165427
572,420.28686073396966,622.6162265469538
573,1297.7439839800936,1370.0016785303233
574,478.8836081603258,899.3910619159324
575,1353.8761711472398,724.0502482230295
576,381.6171584922158,498.0625895991543
577,702.1378938928428,482.49285376987245
578,1005.5185363974924,425.7612841617447
579,1000.0185458157684,1036.5019921124585
580,717.5980013724438,937.5060211239725
581,974.0982587137405,1373.2446474220196
582,1189.6205772972244,987.5987653435477
583,494.0000049058217,772.3984172130076
584,400.76625769814564,961.0874398460655
585,588.6166169109347,429.28264144410787
586,801.6631507169623,1420.5883788189021
587,988.3317643516566,569.9289358391907
588,441.12297922535436,689.2446586323495
589,1170.4992860920647,1182.3043411372746
590,817.6849194498682,786.6403269591829
591,1661.7622123480505,713.2502483362041
592,721.1504273813116,1026.1813085062022
593,502.91546511620254,921.3502138176264
594,510.34253983714734,754.0264717784958
595,806.6929895396243,762.4800250380358
596,984.1122944491908,730.9622522691789
597,880.620355810097,743.210424761819
598,538.0018038475646,881.1792530542516
599,478.4771976336051,927.579687721427
600,662.908111681445,597.5877761624215
601,1045.981080089019,1262.989195570477
602,598.0241300334819,768.6053133703426
603,850.7757053247406,945.6242048484164
604,1237.2666961663563,804.5951868807424
605,644.2247555322756,1672.6276756664338
606,446.8869520403641,927.5664739344211
607,563.4611664593031,1354.4209162209845
608,694.0317611438659,991.405449705002
609,741.3701383936241,519.7244043573883
610,653.0554523247993,919.7272279797289
611,1085.8827390533843,677.7026702682888
612,679.8545972790234,711.1496741814626
613,384.50491291848084,1173.8519991620706
614,694.4117019933365,862.1325748985182
615,983.6497839278018,1426.1897591224697
616,652.0711117265819,739.3227833358251
617,768.6025464986305,1306.1100664911319
618,909.8102500050954,458.4692679961081
619,758.4237678324534,431.79895189317904
620,675.5208539041851,1097.2755049190127
621,643.9678258719941,839.2956515868937
622,711.08344386526,690.2526512006698
623,1079.3661537025073,1467.152202639627
624,944.7650574159634,626.212945089279
625,738.0855587848164,569.8734443687863
626,677.9130352577522,881.4542550690567
627,378.39307008872856,1341.3201588409029
628,491.0442752186718,1273.2715447133705
629,894.6772392313032,899.6945104121514
630,645.370274545232,1029.9101252699656
631,575.6942895390785,1936.0756107194538
632,725.9653828153132,459.71706308709327
633,934.5734645043485,1499.5827267369787
634,380.33448488022987,1234.8461279045478
635,591.3198352497784,983.0024610981491
636,755.7582242041753,734.118047518994
637,274.213828534972,1160.708937019368
638,619.1914745754657,397.98451329163436
639,825.1315399160994,566.1828046478186
640,592.713975880095,728.3830975632663
641,1429.6952630158557,1470.0484370413142
642,842.6887677405794,662.0664971189872
643,265.4961401777691,1389.011584036998
644,656.5029928100921,1165.650256412082
645,1089.9824781350144,1128.8926169258011
646,840.1540728125947,819.786377491786
647,668.1933508661277,456.41941082504127
648,747.515586908361,1215.8344200225474
649,1299.6900986625442,1149.7246496582666
650,366.11348811083735,1157.4453764387617
651,724.3971776095386,767.0281849162857
652,761.4353445863562,956.2528577091034
653,1316.0414593469395,990.9083938332915
654,334.1924261764325,1017.9083219233689
655,758.4911490706036,388.12943217601423
656,346.4466322142471,406.95992138323345
657,775.871909246398,842.1504904029753
658,778.9673916545689,1018.6727531697143
659,801.6963194847376,784.2271381950559
660,566.3922488009339,1745.3866492456946
661,274.38893989178905,1355.807566434636
662,370.14077604039994,770.279922667989
663,1148.2975823584165,1505.141457404654
664,909.3166486157716,1048.2443142945594
665,181.80348431320454,653.186658546012
666,443.6812424517266,731.8208955848713
667,219.31533250888606,805.5142332950818
668,388.9327169996068,1089.5507290323221
669,910.1034564983202,376.97690756187876
670,943.8780386290709,453.4193849689691
671,585.5395612395878,751.9561025909425
672,1081.2049511352052,1213.0491688984803
673,781.4286664216088,735.8141877506932
674,821.9158459699429,454.93927063088995
675,1115.6211568928338,1053.4306127279415
676,342.71874469711474,386.9059806509067
677,376.97690756187876,1236.241996986264
678,871.1606501078313,688.8520613381406
679,716.6995794000941,1819.7214489971193
680,672.7466244484713,846.5875023297303
681,949.7135626890704,415.59780092915753
682,498.8750263151778,1009.8065694874276
683,537.1902995917808,1029.2850759189496
684,686.0937870246344,866.1097087031449
685,763.6252017711195,928.9060484973888
686,1260.291798061884,1065.140846859762
687,1094.8685541580016,1040.060456082956
688,427.9243998370548,434.25055910503215
689,365.8993651278979,760.7060008068365
690,960.6538571743222,736.430242481063
691,694.4027012183724,739.9162768325441
692,980.9734774889948,915.8955723740146
693,663.4097260187955,597.3818080443962
694,637.7545220148313,1543.6421733072493
695,465.6014948261545,426.87837486063654
696,512.3630559685917,767.6460119152398
697,440.74803378809156,633.7949294596583
698,757.6997020617746,1814.6307173586392
699,380.49202430761216,1124.1239564671887
700,325.3175683615482,526.7499244999744
701,408.69043178055654,793.8253903507648
702,684.817848282768,1813.0366031277954
703,299.1697359704631,995.924104463782
704,1144.8671901385824,408.17317379813903
705,642.8166549477028,918.7047372660636
706,345.514244325499,1021.5846536791541
707,1090.6187979768874,1340.0499360659887
708,472.33849186546286,1562.4319588635299
709,883.6788942670246,1009.1428783112933
710,779.1806385544733,1181.5822102896636
711,937.4561376045422,861.9164152062913
712,344.91750421596225,1519.7037234949094
713,897.9967881034827,960.1752630097508
714,628.9471868432265,1401.4452272641283
715,772.3591951788912,957.2059401769257
716,1317.1267399028984,1310.5884739395733
717,562.1019704729879,944.5344229787042
718,420.7521603814057,1017.4177208412693
719,833.133124185937,1112.9725288744157
720,1246.8562330559434,765.0527681912572
721,1020.6057844989227,809.3945723650213
722,737.418253699132,793.2735876444567
723,319.01324971565555,1088.43465690628
724,479.013177587527,228.2056181748594
725,897.1968826353841,1104.7404678259409
726,597.3572050200419,791.4827539333783
727,637.5681235430093,1014.4657200401925
728,818.2332009700258,662.634899932058
729,1242.8453551398743,1143.7172278896542
730,764.0649984179399,1351.1786805669071
731,244.2814936929608,577.4259203037436
732,642.0008865241252,1584.4846518230952
733,1016.6392451144457,210.46722247660364
734,787.1286378982004,635.4658383029455
735,472.12879083702865,373.3803455189336
736,169.95648990372865,1111.9516142360262
737,384.8883278433241,574.3497057889035
738,703.398456373121,1151.5482757519821
739,666.7495583037344,1078.2224565971846
740,834.9765077090269,666.7725496425628
741,220.1768978690452,1041.673738401245
742,831.0623208894285,1024.5974666389484
743,588.1822813472681,795.7301937797711
744,1295.2891438788974,1913.0775519132585
745,573.4350555079072,1566.1293105542536
746,622.6762112597062,1218.3284820360277
747,562.7274481861787,648.1142955124524
748,380.48658534103015,843.7544884236813
749,442.2035345678087,1522.399666786314
750,909.0285842186022,542.4828539876908
751,838.4824257912405,829.1089180583112
752,1299.7811630383876,1027.3990878877667
753,525.1950432249469,1318.671308293564
754,651.5266741715095,854.0220342038083
755,1170.8424577143269,572.9225343575381
756,638.40552700837,903.9705042596943
757,1248.0241413332042,1512.6069358542736
758,520.843341981923,1676.3045147720404
759,589.7784111364672,435.41044204976424
760,1038.7434192977016,1369.024744241644
761,714.7000735246256,1517.425796304884
762,1073.1655368810352,359.447884230467
763,777.6022663762233,695.041352097749
764,584.7578481474447,1332.7189420871
765,1429.1731777132845,882.3862776944152
766,660.1641531483401,1053.3544448542307
767,358.03302576753777,471.0763293221862
768,702.7536519164132,1073.7355885596407
769,433.65990556660836,1011.9943366668595
770,635.5951116251454,815.179827091375
771,1125.5937630194167,573.6025957639904
772,709.1003583759921,804.3034513275743
773,352.9843409080604,574.3142926085566
774,668.0458357208445,510.2232043518088
775,749.1603154769982,1869.755230433857
776,660.4089425594138,422.63079473200196
777,303.6885918539447,619.2587058338177
778,1151.8378374007698,1097.6968891790093
779,1107.0694607352416,1404.5411400397097
780,528.4120423091081,919.4887676654798
781,469.16796396093196,1223.194016264053
782,496.6891666246811,1015.6272165054907
783,468.06051731505795,585.6048393758865
784,396.79817355009436,954.6040524830023
785,749.6644590682481,1537.0770076300578
786,466.9252298889696,1486.6122568767532
787,1046.826672940104,842.8042986298824
788,659.6332212277775,1848.1545171081743
789,909.296840121242,884.090285591119
790,852.4328319076085,1365.8665799541668
791,1145.181427891228,731.3738860658377
792,565.2603365870309,461.97339363825085
793,690.643660373029,355.4014783614766
794,882.7446379956309,825.8344349115323
795,712.1631554729029,726.6880285555271
796,1232.1291012210859,830.8773195205176
797,345.5829033095397,1249.6105385749252
798,776.7618778576943,409.26888754501124
799,862.8000960614736,1223.0407165830256
800,438.0030710693063,963.8242743910268
801,1306.5522608517895,939.9886804031448
802,606.4337226074531,651.7335879160673
803,1373.2241771680237,1733.9206231803619
804,879.0398422002327,1238.7089528261422
805,798.0336600188748,497.90555662367115
806,808.7831945635407,1170.991042335325
807,671.3593552353341,845.6015875987214
808,934.709898254685,942.1961374913044
809,528.6589889640381,802.2782453306172
810,377.1621668954431,743.4795978724251
811,908.9234502515319,1550.0015708691135
812,853.143423142541,1181.3150991952025
813,585.6391743717759,1245.0503376052075
814,609.2959960943263,1141.9600843217631
815,821.4019206446246,928.1549427161808
816,641.2999009372725,1395.942022611387
817,338.4168836224744,563.233274159491
818,844.0890803922339,437.6874716475686
819,634.381178999658,475.27318852549797
820,426.71131722411155,783.276177772801
821,1157.0156045152908,887.6432614177502
822,423.29689216757106,822.2091899611441
823,960.7466989685054,930.445655248961
824,824.9164638757757,2167.92989446906
825,495.80377027398936,723.8668630102329
826,392.0091222385745,1392.62674479849
827,596.1738848959067,803.1224529443607
828,867.6133983092477,1306.0765751594918
829,855.0490951573192,1189.4352257905157
830,954.1869155685454,393.08690506664425
831,903.724170490761,626.3824533074767
832,530.67742775644,733.1367927974716
833,668.5088437640879,1238.5203930219286
834,911.8866857705652,969.6536610369512
835,1586.4800195864555,730.383822446267
836,1039.2125477490008,1048.7958578635844
837,1046.4548213627859,930.9556009505977
838,602.5408797231066,1330.7697026510687
839,757.1887646534888,986.3357533862836
840,606.1576456434595,1358.7707294283027
841,926.4575796762801,1342.9397955406494
842,480.2654050309793,447.5482636554261
843,669.751843892027,684.7965987168463
844,718.0753557134558,1031.8775515564485
845,1019.2701707827437,572.9354459847746
846,745.9339097808152,766.8558797498627
847,121.96738552334864,1193.824893655852
848,480.979194097672,402.8902055285689
849,722.3597154929121,1272.699223889329
850,825.3262469724068,714.9712558166975
851,677.8439276246645,1172.8345313601094
852,1097.3593657913298,1148.5657224320094
853,811.2370897014589,636.2040471110522
854,1253.8956449104298,1379.7651950503787
855,667.3211857396782,1616.7863125219847
856,1552.9091417275995,1511.9420855995158
857,346.40624994952304,793.7009416386572
858,878.8302455867306,1169.7810076807
859,715.61122243727,837.512183036295
860,1006.8750177303227,985.8311542949741
861,1163.9004416615426,934.9932636019876
862,1342.8852062571095,705.4276096999165
863,889.5050600568029,1204.6982384632793
864,683.2371826351955,812.033723288343
865,521.7873440821895,1465.6172154832093
866,765.0219738432133,1440.428990833454
867,868.6429874109926,1303.627061589228
868,450.9086076845779,869.8060019982295
869,654.5952692600004,1612.367459915782
870,814.0565239691241,1208.4595391597359
871,991.431420687728,659.1791068968269
872,418.6013848149887,1666.265387396852
873,741.3334862808042,929.6517655389071
874,1023.5826952877578,1609.0197622631313
875,682.6929336657413,1273.4104689755586
876,1241.0943050527385,852.1708111930893
877,514.0973812267293,968.8184345605041
878,982.5435522014304,1319.6674991916225
879,661.8592070801205,692.4469318732627
880,868.9440584617114,1169.5682395006115
881,670.1534896397934,966.257409644455
882,1440.8322559217086,1001.8528650863991
883,741.0562898463286,1154.3284810377882
884,863.6639429081079,914.9514751573915
885,943.2423045966789,1407.101355504612
886,530.6006392325107,256.37667612841324
887,596.718147465821,988.6401726750919
888,699.2532405799211,1096.0290034912541
889,785.0664402678085,741.946049826518
890,552.0627664458516,1263.1228287295053
891,365.41572443482073,1158.5445473264444
892,1298.6048119420448,311.58280803849993
893,359.519720112512,1092.9916171236146
894,336.47034395114315,563.4100117366761
895,891.3707552683736,1520.4271199847499
896,841.4523428068169,1408.5931994496277
897,722.3231495190921,803.9467845190047
898,265.8635565360855,540.4021748243576
899,601.5818606858156,1183.6534967889893
900,227.8845354110963,1255.9616900757355
901,159.0313682424021,1175.0833229293712
902,363.7563981867861,1773.950421486341
903,490.668283218507,950.2791951218642
904,968.6415576889303,675.7282471839208
905,818.05583558527,1047.6857245318242
906,949.1739466043437,1263.1141128117379
907,846.7638539120344,628.2697221117305
908,843.9016552844696,795.9063594477484
909,1033.5358451481443,556.4675031533625
910,439.1797624877836,1294.7411422599362
911,553.699131416437,1338.929979477718
912,588.6087615857941,1049.328143904433
913,1113.6618689782772,564.4988258730555
914,145.86657264961468,756.1176481746006
915,940.0488997850625,1329.4484440749875
916,535.7726675783342,925.9514821123084
917,377.28470305427254,861.0630750332421
918,506.7061909737822,728.569652866212
919,1431.0504070106217,631.992229565607
920,688.0774964928787,1607.1508872179984
921,1049.9015597639445,1485.7335204320225
922,593.4190506262748,645.6415762444849
923,1060.1801614794167,516.9034930915404
924,578.4827742277485,1470.951447556934
925,726.431642296644,777.2746708570812
926,834.6287154356396,1344.9627768530518
927,402.5590693957456,574.1115839604572
928,634.1330509777108,293.17306827235734
929,1407.084233135185,372.0918408425423
930,526.7582094914105,792.91779208152
931,1069.9498329617163,1097.4312155413463
932,768.3168815753634,754.3247307578022
933,883.0391819903452,228.99249084043913
934,410.0287957847504,414.117402846452
935,862.816285807552,1264.733992822592
936,1090.2457800796728,711.3265625187523
937,704.44605644685,625.3903421399045
938,378.3368572699583,501.9932104891195
939,450.64014411600874,827.9858582165798
940,598.7955551529085,1728.0201706742046
941,290.7880212408454,290.7880212408454
942,526.46405718202,997.5884977994574
943,728.9611391466933,1232.3279916555657
944,1066.3027845748038,1776.3203441202859
945,1050.4666385553865,1311.5169971259784
946,923.5745741064457,1302.9850146702192
947,735.2640847362563,1147.1358887733913
948,341.4005599173106,385.7970302136564
949,930.5981200996794,904.3476618221503
950,441.3568140288371,570.9049191607482
951,549.0360824622185,551.9242580423961
952,1001.5319235885727,534.6878437907362
953,1103.653558379141,964.5107715007944
954,658.5315002637872,941.8004484272133
955,789.4624606620346,1072.3925538112817
956,484.3909684605569,615.5474427450754
957,392.2454878333374,762.38492398167
958,719.9416780188694,908.8332401902917
959,669.2447159995172,769.0498874189543
960,534.3785923057076,1471.904826464066
961,462.9766472231822,1450.2646617700848
962,1100.7121976783164,928.1576682668128
963,853.0592683543837,1410.3901477501422
964,1109.6991823611206,482.00265525286886
965,1116.4997677327847,904.267975673989
966,853.1864559628557,521.7077144271534
967,1155.0853517345968,1464.6514173508986
968,623.2242492237347,921.9717714673825
969,734.7517479795279,1552.8674703234792
970,684.0018081425296,1063.1347303954353
971,857.5738997654335,433.30812355218586
972,505.4459361633053,1258.6091079163525
973,682.4198023787103,1103.8899653360313
974,457.2675872959808,1354.1178265104973
975,585.6395130848032,836.1620138271319
976,565.487729288212,218.05673025859505
977,933.9609231647701,488.9915315673061
978,357.5751908384009,1049.7963013513945
979,496.5191305786466,1182.6220915576596
980,794.0164681393398,1254.9853412435878
981,788.7437810684532,1027.9504226771023
982,685.8307088704314,509.1746450808823
983,554.7732765849069,1061.4906457934303
984,1013.897938075701,685.6035456166501
985,425.33388423580254,1487.8615575471813
986,493.6733764192213,920.111239145881
987,1182.7858368182642,512.0905271785414
988,811.9393820854784,1142.8602818911968
989,1069.949899227111,1480.5508847048222
990,1066.6056754631281,803.0945745983372
991,412.08281315471686,491.3075443228263
992,218.04290023307476,1384.8276830678951
993,259.29380685415526,1176.439067599611
994,592.0684144127699,703.7993743768311
995,901.0768056694142,669.7857713990234
996,537.8038852841601,390.38890254366197
997,884.8709176685115,439.83449484244557
998,568.4339059594568,1112.7127771955202
999,540.9805483027922,499.90336563015444
1000,1056.0653972886066,1573.0480984231071
1001,375.9497921826587,1243.5501556570234
1002,614.1767934390009,1200.853530652359
1003,425.39098948323954,1364.8254007032556
1004,276.4266070007907,1094.3438961813772
1005,742.4172136502166,831.7011869828457
1006,719.1110974937255,717.9149681688286
1007,1143.981043664262,1389.0934919567844
1008,1021.1613997940949,886.670512683093
1009,1168.441917710341,278.21887658423293
1010,1010.4158620880553,554.135851034247
1011,318.5662199354301,846.9997095609397
1012,299.89202758602187,1146.3215047797385
1013,844.9732316856935,567.0372552934969
1014,656.1880606857085,684.4670370998865
1015,845.7167574589366,486.36316283254564
1016,633.291315583585,1301.1844421254827
1017,741.7866902092574,970.9418783858309
1018,572.7237019319946,858.5426451749008
1019,860.1075743872934,497.14638104666665
1020,970.9418783858309,696.6530499844375
1021,262.769604779769,373.579559802256
1022,416.13305142717945,1513.8949773596141
1023,644.8153546283356,956.0178314104887
1024,336.5884430270671,865.3021569183911
1025,561.8590401548536,1060.0130385310586
1026,985.3354700031887,540.7877516526569
1027,845.5385357233317,904.1330730959671
1028,528.477655759325,690.4854398248935
1029,464.17105738652754,428.22428228263016
1030,699.5170056957722,589.4322395042
1031,952.9859500486964,678.6294888114062
1032,280.45758123882115,1213.363294635943
1033,521.0587773861589,539.7482516223499
1034,498.65582076775536,791.2950166487644
1035,690.4854398248935,1067.5987802916316
1036,589.4322395042,1103.2447987582564
1037,987.4847336886778,979.1133812404623
1038,1158.2705302363465,800.323919781833
1039,536.3409950943787,342.0093622043096
1040,643.1497232732509,891.6518604124321
1041,388.4797256257916,954.2850825734131
1042,1021.3534825467686,645.6043444709285
1043,773.6708697973954,756.6066310962851
1044,979.1133812404623,865.8366106870199
1045,856.6003986291762,1452.0773925073809
1046,297.52411724094054,1630.528540434192
1047,1204.5075318538256,643.056656637782
1048,752.1707905926778,725.32532408732
1049,821.1543367563754,1567.289656219411
1050,626.5107078512192,928.2182994450195
1051,528.6283760689221,981.50236608259
1052,1430.2951366575835,649.4757124434582
1053,420.4185084410128,1464.2874313826906
1054,716.9643230493712,1699.2927604687793
1055,797.7475583484629,1031.7831345038794
1056,1005.025999266607,742.7938672741584
1057,401.73062367343664,1243.8972835829554
1058,894.8408777444602,992.4553764869925
1059,1191.1506200224976,487.3317405692869
1060,1119.353917480461,1452.46267083953
1061,547.6803143898287,1171.7115718351706
1062,937.8161962852137,497.85467829230765
1063,322.70614553645646,1094.4034832664693
1064,774.9849379811712,1332.9751605859492
1065,670.9230981456494,1962.0607448293958
1066,941.2827431766564,890.1291078250943
1067,1213.2033951730482,810.0001782877298
1068,827.6533965312119,550.3402420550337
1069,939.9684689700589,1184.649493088873
1070,1033.1853604055796,630.9478780652862
1071,663.18959393775,1098.7639291872547
1072,454.17466627521935,338.72741266918456
1073,599.0834861052281,1038.6146974814255
1074,580.0756740781071,1184.4649350469044
1075,1258.4720086060624,1302.6379805595861
1076,1047.9251764702785,999.7924978950687
1077,1084.4342943637093,972.1430578715299
1078,342.53106351445604,703.8546671621225
1079,857.9130454623592,453.6717847358668
1080,967.7636611121416,896.0125648789326
1081,703.2702524586639,759.7308080397779
1082,302.54724361108674,1557.1730047924284
1083,919.8632236604099,1122.4505344206773
1084,1171.3533999054198,270.47777068174764
1085,1199.891910468643,575.3108665907785
1086,958.8740549103968,1391.869329548259
1087,1342.3432899364707,1154.2645809561363
1088,695.1944213850438,901.6034745610159
1089,873.1542230880004,685.3720480643315
1090,418.994738000074,1629.4676406997605
1091,951.4127760726842,667.552306869773
1092,689.2075311166773,816.2387086937306
1093,593.9292029800927,831.3609207619229
1094,705.5561518672112,1137.9479075999188
1095,906.3072406076972,635.8857708964133
1096,1120.8706192649697,1019.7901842189676
1097,901.2591761680305,777.8883029874924
1098,1171.2489742790349,907.2312244967907
1099,690.4842679208232,896.8574443099787
1100,725.4238727159172,1574.4996552688754
1101,663.3100668177794,1708.5474657027298
1102,467.23208712253836,593.6850582612387
1103,1135.3544264852972,550.2828490598185
1104,839.1547599373662,1451.8386595628472
1105,1126.8549361278783,557.7555432753434
1106,702.5243185287545,930.2974418655722
1107,633.5908012742002,1525.3345797023503
1108,1091.0993265303914,856.6967102253257
1109,600.8503399393958,613.7897590935972
1110,637.7934428969966,1660.3006080803825
1111,643.5778936505376,540.0914514733595
1112,383.95545291316375,801.977990190986
1113,659.69007864593,722.8938450182613
1114,1027.9231581203785,1209.8032459199167
1115,637.5839356903889,269.5799121771706
1116,1105.6229109267078,843.6099872179402
1117,224.5505923499586,1047.7647579292898
1118,1089.5644608047878,1210.800803191487
1119,853.6382814731041,1275.3291672796404
1120,1189.4389964638976,1086.6420082484765
1121,843.6099872179402,890.6668625722668
1122,361.1885355251943,1011.2007424750627
1123,1187.8147976444016,1468.766428571682
1124,587.5127729806991,532.2015178347792
1125,1052.9524781723521,925.939517251034
1126,891.4383382931264,1092.469135510255
1127,625.1667076210579,813.4624400738685
1128,468.7733048022492,816.6974542095559
1129,949.3753507480214,698.2001406576455
1130,711.5502931234078,868.726218235468
1131,856.1997440254345,847.118839906725
1132,620.3610363406406,752.1417809411942
1133,749.5553240098525,1082.5567047526129
1134,1040.3385351826873,381.8633872085338
1135,362.46676851006487,621.8410365121454
1136,625.231524572504,556.3919393664182
1137,1288.4161815345724,806.4951281980757
1138,1076.577224971632,1735.3770005577971
1139,564.633605883675,619.1716512040948
1140,931.1768242065082,595.6586510963025
1141,1206.72081546361,1867.3817301453237
1142,491.3387231612869,1386.540322067529
1143,384.8590737146733,525.023539934351
1144,1307.8027575242013,1205.9648833912288
1145,457.39353564286284,900.3860898901912
1146,683.1051863868925,1957.9618393542623
1147,918.1224972305718,1126.4491732010792
1148,464.58339152642293,577.8996273614612
1149,720.8826119942896,966.082550533516
1150,913.4662382679599,913.4662382679599
1151,1272.9267680935736,1483.2824138058713
1152,889.1724892307466,907.1515802098584
1153,1172.3862695065181,802.1289803468608
1154,1134.0514750146467,1299.8506487359627
1155,1255.5279081136032,1044.6334508512446
1156,510.5103779976853,1588.216498726404
1157,385.3644911846568,863.9355332438063
1158,1627.1569727629394,921.0460311223724
1159,639.7353642517774,901.839057076184
1160,587.39399483944,851.6619195643143
1161,840.5691083668862,1580.1766831358618
1162,912.5386325179352,803.160558998461
1163,579.724547145961,950.4214483059914
1164,1219.2891791912189,761.7596027040127
1165,785.738954293869,1404.2432504947064
1166,864.9001929595979,1704.7354197969762
1167,1100.7781550083746,938.6551609848611
1168,719.7761816139828,1022.5128077615882
1169,416.4362819404996,1168.0663966470238
1170,962.1044208538078,636.6314627808897
1171,775.8050980433763,970.4225672376342
1172,1153.29442913003,1462.2628864044964
1173,1174.1885395325153,962.4638817915256
1174,1691.438853979991,812.8100661309509
1175,719.7040414477669,1394.9864403252432
1176,696.7512221556099,868.0637313243569
1177,1218.6723659296695,631.6261086077866
1178,564.0056929589264,1193.9270300131684
1179,935.0151625099388,623.0421309270896
1180,780.0046776609379,645.995129850875
1181,548.2175780409525,1524.859239521007
1182,605.8857928781144,1166.8162599776551
1183,443.1748095168077,604.2298071045516
1184,1651.0492365533428,1256.7795331029702
1185,426.95734373254527,1143.7851926314615
1186,1130.8169013821534,701.7883250474915
1187,416.2375160054071,1215.902337095671
1188,761.9279811252491,1023.7218219622082
1189,539.688674805664,810.4331656043796
1190,952.4255279979916,705.4632118617301
1191,632.1795491895682,916.8757087297927
1192,1150.1378275694951,695.7498440506897
1193,721.2092543670587,1139.1945599322717
1194,438.7192299802264,737.1504810393453
1195,614.0957049342833,1210.571648073863
1196,1102.0950080403854,1154.0191231278077
1197,1082.2105644846815,1441.60420010893
1198,511.86089964033454,1412.310535624747
1199,933.6490295593467,907.6314707351557
1200,653.0603985000271,974.7133610698802
1201,561.7688406742673,1732.4331100149357
1202,682.4739989183072,892.7716502418989
1203,1601.7432331300442,836.510144579137
1204,1364.702674100292,1067.8676735809277
1205,961.974929389813,445.1785937136374
1206,559.2607825990199,610.0962859849387
1207,1554.050882753094,973.6360803753269
1208,535.6003435301318,1178.1465698133325
1209,788.696410300683,984.3086106100527
1210,1111.841509073507,948.9842218449703
1211,1286.574597182138,1371.6807916001417
1212,576.4598922072983,1219.348952057313
1213,849.4294852774256,1475.2869644248858
1214,1192.8719333380868,530.4868399527622
1215,631.0624362687813,1023.747936618769
1216,520.3562187419229,746.3603203629973
1217,1082.2523369496193,1317.0427030812934
1218,778.8810395980472,1717.7683692750215
1219,648.2429352727922,832.4149135524713
1220,589.1640868121976,1046.9619404240148
1221,338.72261098439776,975.3796436962439
1222,480.53695027650974,1274.5302557885298
1223,1056.053556273153,1378.0447657682744
1224,1140.9702596553616,1087.393152025048
1225,1109.152568317244,1287.1333474581188
1226,334.9281181157785,1592.5879355685174
1227,778.6945276397091,1272.9345166964922
1228,1339.2911237089793,853.9159389956403
1229,929.6212657501965,2038.0507136482338
1230,1065.9920624359293,477.592464377718
1231,1133.7788306048315,1235.848064993159
1232,400.46489660254156,1313.5704045999228
1233,966.4477082355952,794.8857017145856
1234,902.182829334859,1019.8867026217049
1235,707.4795957034585,1365.3881968632777
1236,696.041501961532,1407.1565468303306
1237,574.2895732500474,993.4125568824893
1238,497.42351543914265,866.2816504477305
1239,967.3615525480927,1318.7044574290776
1240,921.0069334319269,1229.3897267477732
1241,880.7751334693166,1130.8928066396475
1242,1091.4594591346831,474.2683062233409
1243,731.3387583637814,974.3475527995615
1244,1357.6769241271613,1154.3319581635806
1245,572.1379078250102,1079.3016468830028
1246,800.0206233104982,769.2491857444766
1247,684.1539382405172,858.130651112624
1248,962.9929097388012,1549.0390076399708
1249,1033.6630231511226,1043.6124981407702
1250,841.2974844277342,1233.5797168194258
1251,1228.3379898764833,552.1057609582058
1252,605.8445273533798,852.6357453292585
1253,519.7382732978294,1306.8746815068735
1254,625.984044357283,727.6210175852466
1255,722.9856800791968,1259.4679402446345
1256,916.1481824666771,1282.9855748881964
1257,892.5233641334344,1137.662846911022
1258,724.8016742844047,750.3315782830759
1259,1294.7931629378218,713.6164002016085
1260,707.6001766336267,1343.8881665892259
1261,1001.3213143716712,1805.8306009206717
1262,777.7680121535013,493.9473654524263
1263,726.6367992468804,1341.0232681491616
1264,1779.3835885284425,1002.8539083379947
1265,1240.0266621354822,1206.7671689266717
1266,604.2744389016589,1090.7082401816515
1267,811.2040139054225,1136.117402469652
1268,775.9355951473772,1305.194268234518
1269,880.8559870124009,1446.4243152716735
1270,1014.3000684706421,1834.2685569405803
1271,1342.376215810189,909.7580545660167
1272,508.8370600338676,985.1980320528091
1273,1002.5808529738424,866.5705709515314
1274,695.1834775050665,2066.7718375025943
1275,870.6721966533878,1036.1263892100687
1276,434.7418948802442,537.0284534189559
1277,881.1496835907674,1302.9997105804869
1278,682.7579710982463,1023.5503677540037
1279,517.2364247439618,1284.5611425263123
1280,1064.8154926639763,1370.1865094047098
1281,690.0184898680964,603.535932466446
1282,1250.253508969552,995.4598900094861
1283,155.8967831201444,781.7004109175032
1284,1418.82851731353,396.28169394173165
1285,639.1519204582946,992.7314717000336
1286,639.334231904395,860.3120509191576
1287,406.7953265616088,1379.4044199621057
1288,492.8025941151136,1214.728665214483
1289,1084.306596060589,316.0069929215024
1290,657.5308781036947,542.9727656681935
1291,905.4947567167619,1206.4015301089094
1292,713.909833418511,1442.692264928468
1293,1075.1907912992901,352.38634433824336
1294,1228.5936910941818,1356.609906031059
1295,212.343955237513,2027.1975251522745
1296,344.00371585032553,1367.4373633884825
1297,524.6122254447037,940.2760373960555
1298,209.18365798665036,875.6859806158827
1299,499.651305939391,1289.729844525762
1300,449.592420094159,994.5540888039832
1301,500.0180633797718,1185.21311495368
1302,1530.64560705459,861.6010098409242
1303,1258.6693199781366,755.985860222303
1304,411.9037760416468,1220.2555415325987
1305,1004.851297875226,736.9009624831087
1306,685.7068223244933,1492.1695674700022
1307,895.5967495878431,1189.8849641180132
1308,1197.688032777427,900.1406215952593
1309,1400.0302291124826,620.443332218958
1310,1079.1754657957063,1272.2415516337642
1311,1642.2552058268557,1508.5502342251493
1312,1061.581850119146,1428.485018096464
1313,592.6626695249724,1070.2847676564197
1314,647.0275775492337,859.7347693244083
1315,479.10759868279274,1205.5817566795668
1316,1091.869482004011,1382.371226211384
1317,840.1759614069088,1323.5512306273813
1318,964.6188293249361,1069.2628420860274
1319,568.8689764768496,1070.9822843737347
1320,1410.3622661683185,798.5181244912019
1321,864.5835469137965,840.362426159023
1322,468.84243869005877,722.7249620670482
1323,780.296060111883,854.3003026436782
1324,756.5289030714994,1044.345151954265
1325,280.08037303261517,1001.6640868428003
1326,626.110752438115,533.6331890915535
1327,113.8027625787654,517.1946725396047
1328,1613.4088911730869,325.15276114008157
1329,459.36749172124837,950.2161286834453
1330,662.1773372723692,796.4392168675186
1331,1110.2430979499404,1162.7332754943418
1332,843.6997086667907,792.1096244830915
1333,577.6613100880786,885.8443981769233
1334,936.7465050173851,1558.6238348727347
1335,633.1535562553327,984.2527234877198
1336,568.391635375825,380.83611476109945
1337,885.1397761918488,837.1330473382695
1338,758.607835758623,1379.550796160016
1339,828.7031442323205,1087.159125799466
1340,399.81796003624913,609.3717469255498
1341,855.0149014781418,982.501994477192
1342,1164.7124030261402,595.8499653229519
1343,413.4332984997309,819.9688487737003
1344,637.562107681857,899.9460930590722
1345,359.25346673169406,431.35280733141553
1346,570.4646355746736,966.5697544935247
1347,861.2181832647184,517.9599810411382
1348,368.1994710683721,1158.893878982548
1349,864.0416433198552,819.8247939520588
1350,768.0128139487351,1420.360208749269
1351,1106.935498130828,1416.5886695144582
1352,599.0387792835318,774.4597379366023
1353,357.7545169306177,1040.8042273906904
1354,587.1089029781506,1254.1476870271217
1355,887.0062858453093,343.78384542947606
1356,353.8200201249856,943.2021724099031
1357,740.2388765063151,703.3496702607954
1358,550.4966838694236,893.3317702638378
1359,636.8296012426072,672.9875110915818
1360,993.2056982077193,539.8781114238081
1361,719.1323162468689,758.177882257929
1362,492.64055992057547,1256.3645914433364
1363,647.9135804343459,694.203640005042
1364,310.2098225585287,1095.6898008300122
1365,416.9088727753624,1250.4413717396455
1366,860.5586169551898,728.854697423667
1367,1030.1535309274768,1144.1539310364897
1368,643.521046144735,1041.0686768579399
1369,727.3761653614638,822.625029498864
1370,663.0902988627204,636.2835772722756
1371,573.9810075448768,646.5468420737961
1372,427.068985619524,1205.9740306483873
1373,641.23801239577,1009.3951567420154
1374,363.8734280473727,807.7416157203552
1375,503.1223050342669,783.7701201677482
1376,524.0337210515718,799.2854393187881
1377,784.5724972006137,704.9400612386671
1378,824.9548001565199,1471.7942386569703
1379,669.0809380862629,765.779824791076
1380,382.57889608755795,1389.7560856482378
1381,668.5240307539643,782.3696164687062
1382,646.6930554354549,1169.1982044610704
1383,572.6699315629376,969.5680771267216
1384,832.453494986592,1135.6021886811286
1385,841.5274241208899,958.5358881796346
1386,699.3261024565727,711.4627368921138
1387,698.4618417760794,660.6175473392577
1388,693.6920935936287,662.6025067295341
1389,631.9481705519502,828.9579472824626
1390,598.5168749926379,944.1904392649813
1391,988.9625709749307,1383.4153924713319
1392,666.6022949656763,1316.960914180585
1393,593.7991029945406,587.8307655170865
1394,626.9043957745889,193.34379867711687
1395,522.0009916190538,761.6529231814784
1396,860.493306690063,1389.2266891242616
1397,1134.3097297450877,798.9472404579428
1398,1028.5782101302975,1111.0105516734475
1399,193.34379867711687,408.1879401448823
1400,938.0356362449311,1069.8846552803225
1401,648.5257247727641,719.4096049355576
1402,517.8925087268872,663.7653913494287
1403,1073.7596278772762,736.4305645108907
1404,1653.810658762799,917.0596139636982
1405,510.0459376837389,1611.582911681442
1406,97.44484503185231,897.2885518456314
1407,396.9138515425366,1666.0169243922646
1408,712.5979007531496,1576.9212947252745
1409,860.9370793870694,457.9343926837173
1410,1062.5941226209325,724.4870246040446
1411,851.8070104730505,2099.708888387431
1412,293.74680703390914,1078.8739199726406
1413,657.5924806215335,861.1011151526909
1414,1101.3913941305145,434.4707897276021
1415,525.6675291651336,1037.5016672354686
1416,180.8595833639847,1192.5671140016348
1417,1064.581562516978,1276.8868179459168
1418,682.581939094991,783.4192790761444
1419,970.6962547858784,294.9969599133692
1420,830.6266329688515,1475.893436547878
1421,702.7054489650473,1044.2361041675467
1422,627.4703824764802,1788.025652763121
1423,172.99873120332632,1567.0725255948855
1424,953.9083461278497,1052.9425928396158
1425,827.5316654641501,474.61566304563166
1426,1233.4138224153648,822.8792178041913
1427,552.0436527061902,1565.574771076579
1428,1148.8837829902404,1447.9102278918217
1429,1365.3324676238553,426.74074992713577
1430,303.84766450317693,538.7087721428106
1431,644.0801014144381,702.3635978981256
1432,404.10718941320374,413.6605903263553
1433,251.9967960474678,1018.3648153005342
1434,822.9357173189783,907.0370484736995
1435,981.0310055631853,708.7000760639421
1436,668.2418832810945,988.0440174698888
1437,477.6806705382987,590.3141207935842
1438,398.9843923414883,1035.615764617476
1439,822.5436947048147,242.28181397672597
1440,474.785529653971,413.3532533481921
1441,426.74074992713577,482.80493832054344
1442,383.3695017720238,1302.0925479471261
1443,331.64804133051075,1476.620092836929
1444,632.7978340111367,562.6728096904844
1445,1098.6370345864852,1245.5313417526122
1446,1016.4046225043712,804.2086581750991
1447,1259.5966382865226,1067.176380598954
1448,848.6194422868139,1658.9354287711176
1449,592.734566315572,1248.2226257617804
1450,674.2620602034731,1010.9785080298534
1451,1033.6835007388072,1109.4473403442025
1452,550.8629503669945,1601.91457471381
1453,358.94964634148346,1724.1365414272586
1454,496.17262972559547,599.6377683741812
1455,540.8479303167187,869.4738588410546
1456,955.0500151217639,552.3430072583142
1457,1539.6434259305388,1186.5397670164602
1458,450.44642379427387,631.1105264731741
1459,502.4195918676269,959.0194262979858
1460,937.1898650147632,1129.5472070702017
1461,353.7425755360309,1991.3717470975098
1462,428.6236983354247,670.0199217562185
1463,579.5035853927402,758.4029410585936
1464,720.1217100092763,738.7019273371843
1465,567.2153006392546,955.3745280219227
1466,633.4395694149498,716.2342145012444
1467,916.8041410166697,1173.3660506655287
1468,483.9977578669568,1068.671929882963
1469,737.443800090623,1123.8131546154182
1470,285.7711921432492,934.3067364260205
1471,602.2254800338778,1741.3932725074192
1472,700.6147441922803,1340.5271778851675
1473,514.8430872000681,802.9952360420721
1474,1089.3192966755742,488.35705336838146
1475,1043.8184837377776,985.8980558713374
1476,650.7547486008843,821.6768928293168
1477,1209.3449338646678,1246.6368553650173
1478,325.2908889190803,445.06731848439085
1479,719.1990688059013,278.34500853454665
1480,342.55641990814183,682.9332710619565
1481,786.2002085565546,598.1491979078419
1482,1101.3886080210505,1067.2272024238555
1483,564.0667693699215,994.7385521863835
1484,956.2717399395624,973.3436014894614
1485,470.6189217676292,1751.3029165511325
1486,686.016993862846,768.335818161002
1487,435.3793462483154,628.7559808379301
1488,230.59951039323641,468.10966274049133
1489,607.1396562612208,1251.2718367871494
1490,638.165765941405,982.8764334967855
1491,989.5174428214377,1423.010083018591
1492,962.9923160116596,1074.9883185888539
1493,481.66512660669105,1042.8697343782187
1494,488.6992135848923,668.608178239534
1495,852.2392204741918,709.5663396817981
1496,628.7559808379301,646.5481917716315
1497,1113.40377361406,1540.0239988470057
1498,984.3373961021134,1324.7904368209347
1499,1313.7494638725111,247.16647756245948
1500,463.29192833070556,1266.8519863712427
1501,567.373549173928,558.3431438944099
1502,283.93117092917237,623.9256391085364
1503,962.7343111062146,981.599566232464
1504,242.12897502481792,611.8621975636561
1505,656.7958314868156,784.8524268341571
1506,1409.9854747328864,843.0646803469936
1507,1022.374527450891,1323.7996105780403
1508,1060.6493911723082,669.7506741321995
1509,920.1057722770347,766.1598977770918
1510,687.2982469810086,1234.6277713987074
1511,862.0256028019139,983.1489898018117
1512,662.4915972517047,833.8059420681384
1513,845.4189797908475,544.7302394832586
1514,669.7506741321995,1000.2578306421783
1515,802.2275544674776,1879.5640792832783
1516,469.8737887759562,2101.9907785490577
1517,823.6982261788216,1566.303727539249
1518,972.4030012283183,1075.3344006037514
1519,593.9790713549737,854.2806064265678
1520,967.872851966029,814.3424339300254
1521,694.0569358948633,1312.638676987117
1522,509.82900332756253,1013.0499149255775
1523,786.5751785280881,897.2290785575678
1524,458.1250143165307,843.408829648688
1525,777.6861894649046,989.6777493575137
1526,504.8802039460279,1201.1078774060443
1527,420.7404074825463,614.6293372188302
1528,900.4504842463721,799.683264135514
1529,1037.6866867701829,937.7882599865479
1530,783.3306831012815,863.9621653257782
1531,544.3577425306212,331.94370336207066
1532,858.2809458332486,664.3947480542483
1533,474.731040427112,635.0425226064544
1534,750.3319502187369,542.7072505544493
1535,1604.42140281936,869.6273072538534
1536,1108.5355909293212,1001.1112854335952
1537,1306.6708963430865,1136.9372925449497
1538,410.15477097366966,1191.0171991628958
1539,878.5816499118009,1486.4028587792272
1540,696.7574519733753,1331.6237995504343
1541,878.019189487175,829.4471730866717
1542,610.3751661329225,1677.6903038917226
1543,450.1472246647245,1755.7178339952152
1544,730.6870291893283,1167.814230625605
1545,1143.909414254682,655.4292025020914
1546,647.9694623337491,1639.0936039334993
1547,364.4251913527769,1163.779902279959
1548,724.0352951626483,871.00844270987
1549,467.18897560911137,1145.0337663969476
1550,619.6343282483649,1002.4099879079076
1551,538.2011253440724,784.1039357593618
1552,362.4351746464454,1158.991615484265
1553,101.21797525906004,456.6242543983608
1554,535.4095126436223,930.4072276379229
1555,1013.834775573494,1346.84426831959
1556,815.8558045196187,708.5773916424077
1557,902.0290497378592,1088.4052226989006
1558,406.33632580851554,898.0317281918833
1559,848.5432569515979,1027.0399185311398
1560,1124.7202543590029,954.3072802054157
1561,577.699935186356,712.2640064125517
1562,818.7373548257383,1059.6611334915578
1563,312.22004993892915,1479.0293835794291
1564,275.62567395139195,1186.3853074210856
1565,1046.0161438782889,1098.39779853863
1566,1104.265252790552,686.2297563855536
1567,1047.962001871827,605.7574575197141
1568,614.6840715148137,723.4230526648607
1569,811.9907756145694,821.6549760120324
1570,869.4422355346978,1135.6102213824342
1571,1138.2185827111243,1743.732216140328
1572,601.6519165840582,748.0449381476501
1573,782.44322333741,1618.9231296636426
1574,1007.1469937731599,1670.5824322601402
1575,1192.2179941482755,1276.865954927096
1576,558.2437900324148,1282.81271150041
1577,1162.4676339375437,1244.7573478099002
1578,315.798586084602,1224.991611059384
1579,878.5039811347524,1151.6445884662971
1580,1202.9759882586004,801.5165314413316
1581,1181.8606108438617,986.251765868321
1582,857.7221455664185,1652.3499224914412
1583,1025.5456052126901,1347.5701338328872
1584,811.3845328629177,740.0081736014035
1585,555.2208935620511,1676.7854698287338
1586,1146.3806112562233,1127.5287661334005
1587,926.3924618185483,232.06078582547343
1588,1143.240330553068,481.17984688060096
1589,715.7470109683636,530.0485849288016
1590,1343.1629434246715,1052.3007069579035
1591,865.4418208600036,976.5782855951911
1592,631.8229574565121,1597.4937856249526
1593,368.10463491897826,1512.4509331095032
1594,1105.2422854471588,2072.9542808092665
1595,806.2281744176507,597.6359700999601
1596,1236.3072081552236,811.5155862031825
1597,1124.74839596753,169.66462194587075
1598,1093.343542362607,1344.53927084928
1599,438.6605389242104,983.8448429725322
1600,325.29682302480796,1046.5613897282383
1601,435.4273700746562,413.4866427509842
1602,1106.87464266787,1511.4800029784237
1603,879.6140480930335,1433.7947770312749
1604,1071.1540086861496,734.5019508155965
1605,1231.7370796859468,1221.0245463215688
1606,159.73153134186578,1326.1911503592055
1607,610.3786545387047,642.6388976558519
1608,1111.312949318395,1321.4988702606788
1609,1076.9304360325914,501.9530784461822
1610,398.18805393376533,1698.7276771473407
1611,1014.0602528761883,1178.1859188734888
1612,997.144742231816,764.732308077495
1613,1111.0562995614746,1061.3989061585162
1614,965.8863652963773,259.4571381754722
1615,933.3616244556397,1051.447582944391
1616,908.6466811101636,905.4089287082388
1617,625.9969248004782,884.6627687057626
1618,459.93091377290693,1242.417585324285
1619,900.6931962070812,1689.217042954937
1620,546.7610070972078,556.9466426390863
1621,810.7941295037017,624.3142646556225
1622,1388.3867880808175,462.3607775266064
1623,1317.19494436674,1484.9475092637003
1624,538.1396590430159,688.2034728514482
1625,833.7571830136294,789.1374709930606
1626,1293.995639653338,1611.1237729392305
1627,773.5295277706609,1053.9020388668505
1628,534.6425569678904,325.56112082991604
1629,320.8574434288821,1512.6508478638862
1630,505.6698713473452,1974.6627919969833
1631,674.268889313731,1128.94488115696
1632,1101.7009781789966,344.16086661215377
1633,1118.280192201768,576.9329619305572
1634,144.3208227935611,1086.6060093755877
1635,949.1968901492146,733.340097399996
1636,324.71834655956627,1120.9766719071413
1637,485.9026373305096,722.0587461923787
1638,837.7188949754709,977.1116383689587
1639,611.6820751173436,539.072404632956
1640,464.9244267826798,1338.8151987965175
1641,1174.4034682473648,499.8190285382152
1642,437.80729722991964,1084.8658549895263
1643,661.7644865615657,867.9039194946599
1644,1006.9075399554349,1572.1148120201979
1645,1198.7165274096624,702.9674963256548
1646,982.5323888851635,1018.7883817173642
1647,967.3680851295358,1172.5063399958526
1648,790.8526849096379,1038.110745570557
1649,916.9053886050824,1489.1811159987483
1650,964.4601384028938,944.3544936584949
1651,1126.8976373711776,1439.468615922502
1652,1606.1963032317071,452.4458945474835
1653,630.3383280729176,908.1494928673856
1654,674.129314213118,762.5289263092709
1655,1318.475620764948,887.3101761031357
1656,835.9086053148931,890.6197488164908
1657,257.48046944328235,1175.2530944483879
1658,818.3180829274934,1418.7345771679975
1659,540.4169958035418,1346.0784728454964
1660,921.9888881086954,1054.3564815702484
1661,1041.8942228938467,964.9017432321998
1662,1175.2530944483879,656.2958201707588
1663,944.5085305370012,980.0071941515198
1664,729.7366284774253,1341.5141515859505
1665,897.7955340310946,1025.5607251994734
1666,656.2958201707588,1009.5504112675699
1667,316.6452388803664,982.8541691248611
1668,967.6421438600737,429.4252102615719
1669,1097.9252580972898,1442.0170424676762
1670,608.9569612341438,838.363523744134
1671,601.6555982523787,890.3654691158445
1672,1130.6956962695112,1281.7773779341005
1673,1486.9575646930316,869.9972245604513
1674,1194.3864912998397,914.7125344607921
1675,814.4834848214305,948.3185531499839
1676,391.2027269149112,1208.0543493730802
1677,1103.9719754778635,940.0772087559963
1678,737.343676718403,363.12537780241837
1679,982.2038928008697,1245.9434730461217
1680,995.8139603128366,1311.529963216548
1681,339.90599075903447,933.1312359318035
1682,847.0714184512035,577.3134828613547
1683,752.6428900292449,1697.1434398076817
1684,854.4885378744148,768.6256775919537
1685,378.17029226364684,656.6960469659753
1686,1228.599588393634,1311.839571479206
1687,637.9950728406402,397.70861189714196
1688,1129.2562448266108,1519.9307784852572
1689,1470.3414973760082,678.9705224741119
1690,514.7860100307662,1583.269200764007
1691,1007.1452737960935,828.3055453380366
1692,415.6829896587151,965.5587550011987
1693,1028.095686902583,1312.2402547264646
1694,436.1610040109299,630.1091548723198
1695,741.2569794797455,857.3396082465697
1696,606.4828430840789,1220.7173922112706
1697,1502.5439052507281,576.4179098525346
1698,759.5596910322565,869.5362080366685
1699,453.71342005994666,545.9988544696753
1700,1062.0258389910814,1125.5695267637711
1701,484.58222578539426,525.378223411295
1702,1140.2163893972902,954.6227991250053
1703,258.65682074503275,299.3853801010482
1704,1130.8093598847918,1424.9374607769496
1705,441.52642685494357,1136.6550658381384
1706,409.70119831257034,443.9621602272309
1707,613.6201825720927,1027.4755999756599
1708,1050.1012335883424,637.5157993985558
1709,700.0718521600866,1015.4530930085311
1710,803.9784379850389,593.239395911587
1711,431.45455706078064,993.1735968079447
1712,922.405280191706,1050.6971643446086
1713,579.2903062289115,1584.8628365940895
1714,1350.6824413483337,938.4915404681815
1715,264.78780212772836,839.7613640413401
1716,395.80626243878214,1720.962920564787
1717,1050.6971643446086,389.0317676853447
1718,652.1199175191432,1062.0657551883633
1719,1310.432419265031,693.1667319495682
1720,901.181239639569,721.0503399109002
1721,174.8175565897618,947.1419441178004
1722,611.9474157522491,826.5432460520824
1723,646.9794031180354,1079.724750707981
1724,1108.3473465872448,815.3926203929586
1725,1032.768820169913,663.5449950438633
1726,412.63585974258604,477.38068330672104
1727,805.2083085522099,541.037441021901
1728,412.32375115784816,1470.389134988618
1729,983.773017743857,911.6486795292658
1730,775.9465577320079,895.3197064439591
1731,676.6578326058952,1441.8903807840325
1732,973.7184355006902,1094.0940575678542
1733,417.51022458077205,1339.2693679607182
1734,464.93782172908686,1136.6577164618575
1735,845.3394185159123,671.2684644465407
1736,844.916751207842,1475.2604056855707
1737,217.6836803537517,802.6221866484921
1738,431.92145744746813,938.7823267716667
1739,1046.0279569863196,510.77086345880525
1740,658.0079492508448,1094.2283916427987
1741,483.8333873529482,1072.5829414990585
1742,633.159206099197,1306.5575409423545
1743,873.4237679819053,1316.700282265192
1744,913.0876360041366,612.7244874642493
1745,948.5162426792158,979.7257367781276
1746,359.87331777685904,1333.8916789193754
1747,1249.628401330643,902.1475766154326
1748,1701.0541532026837,884.6740853263691
1749,971.2966803710733,522.1846966588782
1750,650.9867697459485,1321.1424583074477
1751,249.14607000810793,827.1663543575341
1752,545.6781430795963,898.6204590462876
1753,473.5043908329462,1271.9380073266584
1754,864.5908853186265,1252.325637689144
1755,569.497597474663,697.2307905336711
1756,816.2214051453193,1145.006918602361
1757,1105.605478512327,1223.4579731124904
1758,573.3689387458217,999.7856485171287
1759,682.5349515620546,560.3776291733811
1760,862.814026731663,945.1061855781372
1761,509.5134482411522,1432.1490143923875
1762,605.7423490279398,1122.0375162625642
1763,1139.7675763102743,831.8620068812379
1764,489.31351833014196,1579.0185544491833
1765,782.9464722699195,1271.8024541199993
1766,992.8235568549499,720.5366988137903
1767,507.7531737238023,1277.3181093722378
1768,1449.5558846828499,486.1529741607592
1769,560.2039967047822,1079.7835064636747
1770,297.79800082604925,1128.2720688134432
1771,1021.3081584618267,1125.984512001829
1772,739.1311612602585,1342.5063899056913
1773,718.2147303306483,881.4146151190143
1774,1114.7502669266032,787.5310255097356
1775,953.7225060244018,377.859913948967
1776,695.7733226622295,1160.4945855035112
1777,1114.6097952958007,1021.3276981854215
1778,468.5716665293148,865.7206594107192
1779,393.8795680812909,1356.8259124201213
1780,821.8299665065861,1256.3817811395347
1781,957.6772430946003,1108.3582627621945
1782,1241.8030850838404,1123.8317700632324
1783,513.1167010985373,870.3629732599366
1784,1070.9351643767222,684.0537784825428
1785,939.0002690697002,525.8164915230082
1786,655.6092316904324,1106.0403803516165
1787,500.3951497824455,1468.2556100540896
1788,1477.2791357599053,1098.1023026627954
1789,887.2774355916918,566.2643286801176
1790,1106.0403803516165,1416.362409995054
1791,797.9893021388489,1074.326635071644
1792,591.001895979105,986.3209059144865
1793,1070.0825479245614,790.5130716549029
1794,544.4929911595245,1263.037349942395
1795,766.5000780739865,1052.5642795014282
1796,625.4038308368254,1375.5600282988817
1797,1400.7675223429615,1852.4704720538066
1798,1296.1967044925696,1147.1627685803032
1799,569.4212312678719,1018.7885828832077
1800,373.89424659011274,1232.3240946535952
1801,1178.8991863165502,709.5062141849776
1802,295.6659761670526,1110.9484949358884
1803,770.4661659241829,497.9414307265979
1804,1265.2091302022163,785.7556532905583
1805,1221.3130801063453,1446.3533947697506
1806,1479.0943642866332,1222.884998243142
1807,405.30041355612775,345.9589869055126
1808,471.6849891214006,1131.067831969318
1809,1021.987717986638,1237.273059684645
1810,662.5559674298929,1117.638187101802
1811,791.3234845663173,1008.0400588774137
1812,865.1794276468572,1090.9569008556427
1813,701.4864912845951,754.1938541553172
1814,1158.4198486385867,977.1488434437415
1815,439.6162684384035,857.071527373264
1816,960.164293801492,1001.8610347522699
1817,1118.6525547910496,751.5665968765461
1818,1396.1170246611437,806.4588424480462
1819,1501.90103699451,1051.5564703915588
1820,1297.2069244092927,810.5658208443492
1821,1457.2835423237193,1071.650023707487
1822,1248.4671164988104,1236.88009763656
1823,724.0521171892324,1453.5019481245909
1824,815.2357491864605,1386.5284585271584
1825,799.0003140873232,1063.059597599029
1826,853.2585350579175,1767.123534981387
1827,1148.9059917416962,412.67769396129734
1828,1304.3665426594525,715.8421162498416
1829,688.4992569825627,750.1527994698699
1830,1196.8327954781053,553.0455986603702
1831,498.2713404248934,1072.598776736013
1832,838.8499726382288,925.3026370373627
1833,394.9870004935583,812.0929279929842
1834,843.7924489967409,769.6213315243003
1835,651.3339445897655,748.6501977785592
1836,901.8079575386291,1267.175325543758
1837,732.0135385056783,1364.4485426254105
1838,1229.4313104027242,1255.2017728758874
1839,475.7152806841186,1172.8186307578508
1840,942.3223236287522,773.9907634803967
1841,1046.3065873152664,1666.874160935302
1842,630.5791191883909,374.6167290652156
1843,819.0469265134961,1490.680093175375
1844,353.14836160271807,1107.0398604288275
1845,494.7340552927344,1319.458402957498
1846,1356.1106566202216,845.3083675581947
1847,378.24758211402514,835.3639395971986
1848,929.4904726360692,1231.9531105575152
1849,759.2502666223736,245.58250909660273
1850,1171.5553090614194,364.61893936458364
1851,1049.680151262197,1465.9794633343408
1852,1342.2499309727064,593.5825884837686
1853,327.8198320638112,1067.1895591490684
1854,623.049749938029,918.2202253544165
1855,762.8814259368955,557.9420635577626
1856,822.4993006645382,391.38621999185125
1857,440.6393925061493,624.2298338958353
1858,1183.2502980066274,1311.7298288568127
1859,974.0183367976788,1013.8759026800399
1860,1125.0910483505868,777.4857513706011
1861,745.0802995712365,975.9041651841253
1862,602.3144066820314,1032.4987185005666
1863,840.3985392605391,1532.4653888948087
1864,1357.9625602392116,1410.541363635799
1865,974.9165484783443,813.1862654681972
1866,538.1292135146286,583.9471820328181
1867,1027.3205710384427,1219.657890422488
1868,198.38456960540498,1044.5632544626424
1869,520.5922993947679,783.6294843702053
1870,797.4823300211865,1225.4596682827832
1871,428.5857133006284,1134.3874697011925
1872,1023.5117620161764,1455.0106947694003
1873,908.6772913057139,1305.4938281260547
1874,737.1629316339677,659.955136156881
1875,714.0822542646929,264.00969969476864
1876,854.8414673536026,618.8196725884773
1877,902.9432876661449,985.4013849585172
1878,1185.547250876043,1266.3436929942545
1879,510.5465969224606,596.3765193161162
1880,769.3977015125784,902.2463732538017
1881,381.9776652218061,914.2119583860986
1882,956.248388901593,586.226157701647
1883,758.2371919358702,947.3796276229841
1884,565.9194349458776,825.9056579372918
1885,844.0689905007384,973.71755017541
1886,665.6370519740158,928.9303267590512
1887,778.6714900408624,1095.3099289563688
1888,442.46936680502404,1089.714872191893
1889,828.7668339674638,1031.7185409074737
1890,555.1528713569569,1452.9143628724123
1891,656.1735855224615,933.1482675479201
1892,1164.0542946948408,941.2839455647845
1893,610.4234063689146,320.08962029357644
1894,444.26136094163667,693.21200356802
1895,872.7200907119259,1009.0882064955877
1896,1403.2044008608718,724.2311401862098
1897,1078.4634508029121,1139.6484883261946
1898,263.5941013588308,1237.5269750619918
1899,549.3965068660837,1730.5413939239588
1900,737.3802010853979,516.141357564622
1901,789.9953335111422,695.2813967908078
1902,1279.2632293283023,1565.7362704766783
1903,1110.222920904671,837.2453248601814
1904,1055.922219836575,1303.7173645936055
1905,658.6712171621548,1047.9384153379287
1906,1380.906924219169,1212.6503010256201
1907,840.055903967499,1153.0274109100865
1908,465.0084219959608,494.6944841018412
1909,660.9159703239493,816.3290974186239
1910,1010.3166295278206,2130.0601094644953
1911,615.9464144144004,1585.1866503816127
1912,800.5959293460619,1021.1622025620673
1913,565.1843559006666,1437.1203833243708
1914,856.4225378627816,950.6408586749676
1915,1082.7378440955727,641.1334050037549
1916,972.9060437052904,1779.2652145699394
1917,438.5965148596806,762.7662592176202
1918,505.9279003346528,1175.5419520040523
1919,993.7807573309401,1437.6308640047937
1920,825.0130812709904,815.9435169875287
1921,767.7967376095257,932.3575071794548
1922,1368.993323733026,1375.1388968130268
1923,202.24984548820066,891.0367442560964
1924,950.6408586749676,1347.6339821431902
1925,1656.4203491379812,1405.9134099088915
1926,482.34351545904065,1046.260346038005
1927,729.0193989936088,1450.625714116155
1928,1233.2574774471723,808.5367029416884
1929,848.9658191004273,555.6405472198676
1930,265.562239879102,949.1422423507684
1931,1595.5867825317982,1270.6378897508039
1932,562.8489245535966,914.9371227882948
1933,944.2148210808955,912.294596594169
1934,285.9759779863307,709.7759067093502
1935,857.5308298641175,210.08995160870109
1936,1015.058286617088,2014.5904975416342
1937,683.8151599940174,1165.770856945419
1938,1024.8177040385926,1066.2082718723395
1939,228.94206724828837,1037.1085868460723
1940,688.804172891214,864.3876695865474
1941,502.550634180996,753.4048174076888
1942,396.6676301952248,965.3939943132063
1943,1143.756571093516,542.0086599064962
1944,1046.5489711635018,825.9360529370606
1945,785.6343119544617,1258.7822564227536
1946,484.12241182414436,748.3838198914018
1947,1277.4419745709965,1314.5651108127713
1948,1019.2930222733848,1340.1069416319006
1949,654.3020422931731,1643.1018258621552
1950,1517.3177094174098,872.1096091154031
1951,570.53185986889,771.8652889650475
1952,568.710331594295,963.5826634591067
1953,1245.306019241274,1118.8677844109043
1954,261.02537602600205,1364.1203151309674
1955,462.7522631847096,1676.277600746631
1956,419.62720019014523,744.1093819755042
1957,579.519871030956,932.8860254339525
1958,1312.8823620935873,907.2798786082494
1959,755.739096895908,1473.4546740762817
1960,1380.6152163185325,1318.564273253869
1961,1130.3734992404934,976.8333822575587
1962,1024.847077502316,833.5578946917085
1963,1142.0543217343075,1329.5591139918251
1964,631.1590433392412,1792.7848699479655
1965,845.516358521345,670.6728580209747
1966,1340.811590239704,1520.9547175615808
1967,451.62867865492444,834.7938692069438
1968,269.70593025664857,700.6673926371368
1969,659.1895066470024,382.0194700746579
1970,1014.4839203863376,1332.4359248551118
1971,712.4319949431228,620.8650926018745
1972,1564.5565727158246,868.7381603584581
1973,356.3874809963527,1053.1477269517418
1974,759.0848918630509,829.5161254774794
1975,639.4591740048563,688.6330544143639
1976,581.7073590353102,473.27127758174174
1977,692.6711421084037,974.5289542255123
1978,825.7270248752466,797.4384997721354
1979,966.2831760132904,663.0624206874782
1980,305.72439246976137,1980.6285942547256
1981,625.4815362137015,1184.8960360992132
1982,481.9669774922513,1290.624620949522
1983,580.9018872285451,2042.164510217961
1984,744.2172804298752,970.3194896932764
1985,961.8299389494277,1632.178128146923
1986,1320.5211981926113,1494.3237169170243
1987,1271.074181048025,1168.3516996364706
1988,895.7632258488738,1529.7197433893743
1989,1269.2710276254948,1466.422331730646
1990,1246.849901718182,1383.7877572826765
1991,457.5672577938094,966.4156179753336
1992,792.399104256343,1699.9882125285149
1993,864.0986451536883,1169.2152253114327
1994,709.65476077317,1047.198542897313
1995,838.6090898415423,1332.872871624575
1996,867.9212483342926,1035.9476310863174
1997,994.0678160574316,948.1317055397449
1998,1128.1003140257162,1409.2627853215745
1999,1203.4157047947738,1694.1526218503423
