,1800,3600,5400,7200,9000,10800,12600,14400,16200,18000,19800,21600,23400,25200,27000,28800,30600,32400,34200,36000,37800,39600,41400,43200,45000,46800,48600,50400,52200,54000,55800,57600,59400,61200,63000,64800,66600,68400,70200,72000,73800,75600,77400
0,730.66,980.46,1210.43,1341.61,1624.33,1683.76,1941.99,2117.82,2426.0,2576.42,2801.24,3106.44,3287.44,3580.73,3933.27,4231.51,4635.95,4913.83,5164.86,5336.16,5471.98,5731.61,5951.21,6162.31,6359.28,6511.32,6695.67,6867.83,7054.86,7310.12,7524.88,7708.81,7928.71,8106.64,8308.42,8621.51,8863.29,9140.21,,,,,
1,791.67,998.49,1285.05,1647.42,2029.59,2257.97,2483.44,2709.79,2846.93,3171.45,3472.44,3773.0,4022.42,4433.71,4697.88,5003.22,5332.09,5571.47,5812.8,6098.93,6372.14,6587.57,6855.13,7014.25,7323.07,7733.99,8078.86,8361.89,8626.42,8842.26,9049.17,9299.35,9696.23,10057.41,10408.01,10661.43,10969.29,11213.73,11598.92,11967.32,,,
2,768.79,979.07,1410.34,1703.51,1985.8,2376.68,2681.71,2926.23,3266.31,3474.79,3898.03,4260.13,4511.25,4788.35,5084.19,5318.11,5749.83,6033.44,6367.2,6737.11,7054.82,7306.16,7570.83,7889.84,8220.84,8478.03,8743.2,8987.8,9226.51,9548.56,9805.74,10182.62,10411.21,10507.09,10767.33,10968.38,11254.13,11534.37,11796.22,12167.28,,,
3,779.86,1080.27,1454.81,1771.93,2184.94,2538.3,3054.52,3519.1,3781.29,4008.9,4358.13,4659.83,5096.06,5460.96,5832.1,6175.35,6554.0,7016.6,7345.33,7721.42,8056.1,8554.0,8789.34,9145.08,9414.35,9686.07,9931.11,10267.4,10603.77,11009.11,11424.66,11764.49,12092.7,12483.87,12862.02,13281.31,13701.43,14050.06,14601.24,14994.85,15416.0,15816.34,
4,742.39,933.9,1304.19,1645.76,1977.4,2459.36,2828.88,3060.15,3458.09,3612.72,3958.96,4346.82,4519.94,4774.93,5077.11,5447.27,5688.17,5898.82,6130.43,6325.55,6562.41,6942.95,7252.65,7515.68,7764.52,8009.0,8338.08,8632.68,8929.39,9309.93,9575.7,9764.72,10055.21,10355.63,10522.94,10754.55,11116.75,11400.41,11819.17,12278.42,,,
5,829.56,1102.65,1472.21,1735.52,2208.55,2457.59,2824.45,3128.95,3490.07,3745.55,3991.5,4404.0,4627.2,4819.08,5025.38,5346.04,5595.45,5713.18,5763.58,6028.09,6302.56,6731.08,7009.03,7252.44,7448.23,7800.35,8107.76,8392.77,8558.25,8652.11,8806.35,9126.77,9412.31,9737.72,9962.77,10225.03,10400.5,10666.58,10939.8,11329.63,,,
6,763.41,962.05,1335.08,1629.65,1906.46,2110.59,2305.2,2624.4,2894.0,3131.22,3405.11,3602.44,3787.63,4055.08,4293.24,4524.39,4622.3,4791.74,5053.56,5332.69,5497.61,5714.98,6000.12,6335.15,6600.57,6888.33,7087.88,7403.64,7732.33,7962.23,8207.52,8366.89,8748.75,8914.72,9084.0,9317.76,9375.97,9526.27,,,,,
7,762.07,1074.48,1445.67,1792.34,2203.21,2507.23,2824.06,3087.23,3512.39,4024.07,4530.76,5040.06,5397.82,5615.58,6087.48,6341.99,6715.43,7098.41,7447.34,7866.78,8256.95,8505.18,8835.04,9202.74,9469.66,9858.5,10196.77,10523.26,10863.45,11196.63,11634.67,12031.79,12314.95,12759.66,13152.15,13566.73,13977.1,14274.48,14590.21,14993.21,15321.44,15627.46,
8,795.0,993.13,1341.95,1655.95,2047.26,2271.07,2611.46,2825.16,3117.2,3288.21,3586.6,3859.25,4267.93,4531.31,4764.53,4978.25,5268.0,5645.62,5858.4,6058.53,6326.56,6527.85,6848.58,7225.51,7554.5,7884.75,8191.8,8429.24,8681.89,8880.68,9052.35,9312.95,9491.45,9725.86,9993.4,10298.96,10617.23,10951.81,11285.82,11572.71,,,
9,709.0,1032.17,1306.78,1495.5,1814.01,2131.93,2401.38,2776.84,3081.2,3396.25,3672.84,4121.45,4402.81,4754.16,5003.51,5320.1,5690.36,5886.42,6157.6,6504.13,6786.58,7123.52,7514.5,7997.88,8407.56,8595.39,8871.21,9151.69,9324.14,9618.03,9829.0,10157.5,10486.75,10763.68,11051.18,11260.96,11439.51,11752.04,11934.66,12185.55,,,
10,835.8,1212.62,1467.34,1678.12,2035.74,2394.59,2642.82,3047.65,3294.35,3541.03,3781.98,4109.83,4360.09,4700.69,4956.39,5269.98,5703.76,5909.83,6107.92,6414.93,6695.61,6829.22,7036.15,7315.18,7538.2,7798.12,8074.33,8346.0,8698.99,9010.46,9369.02,9729.45,10115.06,10427.47,10655.45,10977.17,11095.87,11399.12,11665.02,11927.95,,,
11,753.55,939.04,1146.45,1412.4,1666.3,1720.74,1867.59,2123.47,2269.64,2426.31,2591.55,2717.09,2952.23,3266.48,3655.89,4082.14,4317.72,4537.49,4743.22,5067.24,5315.71,5512.43,5535.48,5790.91,5898.79,6109.63,6366.65,6672.9,6890.86,7022.61,7380.25,7499.13,7671.89,7827.0,8107.11,8210.88,8387.27,8681.09,,,,,
12,704.35,805.3,996.5,1285.96,1610.18,1771.48,1991.78,2258.74,2461.52,2742.47,2805.81,3036.63,3355.1,3582.3,3739.12,3918.11,4162.17,4413.54,4548.13,4721.23,5033.43,5348.74,5479.7,5792.81,6049.06,6360.99,6492.62,6749.1,6995.57,7312.96,7427.55,7754.66,7963.0,8204.2,8423.65,8589.89,8901.45,9135.27,,,,,
13,696.11,981.65,1219.55,1385.89,1426.81,1610.82,1937.37,2204.77,2619.19,2911.29,3092.73,3352.73,3682.79,3947.67,4268.59,4454.81,4807.13,4994.59,5248.48,5508.75,5765.93,6079.91,6452.44,6781.76,6797.64,7058.5,7474.15,7767.51,8071.07,8364.68,8622.28,8820.08,9128.35,9458.22,9829.16,10101.41,10310.9,10494.93,10701.18,,,,
14,838.32,907.82,1155.19,1371.51,1652.02,1931.86,2118.16,2159.3,2401.96,2727.77,3004.57,3296.95,3556.51,3751.28,3840.16,4087.66,4301.18,4674.92,4845.21,5066.27,5366.47,5520.53,5634.93,5892.41,6153.74,6341.27,6677.34,6887.28,7210.87,7385.46,7667.75,7879.46,8200.7,8500.72,8734.92,8965.95,9221.59,9438.96,,,,,
15,743.33,796.56,831.95,982.89,1174.64,1329.54,1472.48,1617.64,1880.93,2087.79,2270.82,2473.26,2748.41,2864.97,2945.27,3099.68,3363.97,3513.16,3730.66,3829.07,4009.54,4291.8,4534.3,4702.21,4950.96,5285.12,5478.73,5722.44,5856.35,5872.93,6110.34,6362.56,6590.64,6846.19,7015.65,7148.8,7317.14,,,,,,
16,767.8,925.22,1109.86,1281.55,1449.71,1696.96,1804.56,2163.45,2432.01,2689.71,2804.97,2982.53,3161.3,3220.14,3452.81,3561.37,3751.12,4033.77,4205.13,4347.36,4464.37,4690.9,4982.93,5158.02,5474.5,5652.85,5952.31,6266.89,6419.61,6743.32,6950.99,7322.2,7434.3,7629.09,7777.22,8030.23,8246.96,8435.92,,,,,
17,852.88,993.63,1416.45,1809.69,2208.78,2639.19,2969.32,3395.96,3684.13,4136.98,4504.38,4802.99,5080.22,5470.86,5726.8,6045.1,6371.75,6952.82,7164.28,7534.31,7941.95,8207.26,8554.99,8840.6,9188.45,9707.93,10047.06,10533.25,10942.98,11294.29,11670.16,12061.08,12463.35,12730.72,13033.95,13471.84,13846.4,14167.87,14601.79,14969.14,15091.36,15637.18,
18,744.52,1029.26,1243.02,1543.56,1840.25,2240.52,2541.68,2831.93,3106.94,3476.71,3737.92,4041.25,4392.84,4686.27,5141.98,5491.22,5723.92,6053.21,6414.51,6681.12,6850.6,7055.74,7361.54,7535.56,7937.53,8158.12,8425.62,8720.68,8916.47,9103.02,9306.66,9607.04,9825.11,10052.41,10349.42,10701.16,11082.75,11438.86,11589.49,,,,
19,807.99,1110.72,1482.48,1844.28,2137.05,2487.92,2754.91,3112.84,3363.48,3483.77,3754.07,4029.52,4447.32,4613.51,4901.46,5124.09,5363.49,5483.21,5868.36,6264.5,6784.57,7066.21,7265.66,7737.87,8037.5,8261.3,8679.37,9040.79,9445.32,9704.04,10000.85,10429.94,10800.44,11286.79,11636.82,12069.99,12422.03,12733.45,13169.03,13400.23,13873.4,,
20,799.13,1162.55,1519.44,1873.85,2214.92,2532.09,2926.04,3177.5,3467.49,3761.05,4148.87,4572.78,5068.27,5542.62,5730.89,6103.81,6381.22,6720.15,7029.92,7400.94,7732.51,8108.71,8420.47,8699.63,8941.39,9145.31,9472.75,9783.81,10097.9,10314.12,10580.06,10961.32,11416.31,11803.04,12002.82,12443.97,12757.14,13038.78,13460.39,13939.58,14177.06,,
21,775.41,933.02,1137.79,1388.14,1657.61,1985.98,2199.45,2538.08,2946.11,3222.24,3378.78,3669.78,3798.16,4125.37,4310.11,4609.54,4861.31,5140.13,5375.85,5519.48,5725.2,6100.13,6467.46,6637.56,6711.07,6893.13,7148.54,7501.29,7753.61,7974.99,8232.18,8523.81,8846.09,9090.99,9372.29,9590.55,9863.74,10097.3,10355.2,,,,
22,732.0,1070.3,1332.59,1657.89,1970.14,2291.23,2654.27,2801.24,2974.19,3272.41,3512.3,3700.92,3923.69,4219.25,4356.13,4611.62,4924.4,5159.7,5437.58,5594.48,5683.61,5988.82,6058.34,6358.62,6535.39,6768.87,6965.11,7294.24,7587.93,7985.58,8300.94,8506.6,8602.83,8818.05,8953.74,9220.34,9486.6,9749.5,10138.39,,,,
23,724.68,968.09,1251.91,1374.04,1759.72,2150.77,2590.8,2856.32,3188.29,3539.08,3897.17,4271.73,4595.92,4825.24,5188.98,5513.32,5880.92,6109.33,6551.93,6756.16,7026.42,7272.28,7390.67,7555.13,7791.08,8213.06,8528.06,8787.67,9142.08,9448.39,9929.03,10229.64,10569.45,10781.53,11020.37,11348.66,11587.12,11879.83,12186.97,12494.21,,,
24,719.77,985.13,1183.21,1363.82,1603.37,1745.45,1994.54,2148.62,2340.95,2543.21,2816.49,3090.95,3471.29,3734.68,4012.71,4331.62,4650.71,4965.48,5122.35,5452.53,5642.71,5877.48,6143.88,6297.63,6531.29,6702.71,6949.36,7055.62,7106.55,7370.71,7808.78,8163.41,8534.35,8759.43,9010.36,9211.33,9341.81,9393.23,,,,,
25,847.29,991.82,1318.52,1537.66,1822.75,2029.51,2392.51,2762.33,2990.58,3120.77,3445.74,3822.39,4100.73,4443.26,4775.94,5083.68,5328.31,5543.12,5714.0,5933.88,6194.83,6568.71,6999.41,7414.67,7722.4,7926.09,8122.91,8388.99,8697.49,8912.54,9270.28,9599.51,9922.14,10291.13,10666.4,10957.5,11359.42,11646.47,11848.0,12123.31,,,
26,785.22,1085.54,1394.11,1759.13,2206.04,2523.6,2931.53,3091.06,3350.68,3718.41,3991.26,4294.05,4475.92,4765.43,4892.77,5352.09,5573.52,5734.0,5987.19,6227.65,6429.61,6759.48,6892.23,7197.12,7387.09,7821.2,8088.17,8403.07,8722.55,8966.45,9262.6,9503.2,9828.3,10237.17,10665.56,10965.61,11247.24,11565.74,11804.68,12137.32,,,
27,868.0,1103.66,1303.66,1594.06,1767.36,2069.73,2288.48,2528.22,2861.14,3268.26,3425.23,3633.21,4009.28,4318.29,4574.01,4827.79,5067.56,5390.33,5636.69,5852.65,6175.41,6331.63,6585.38,6710.55,7060.52,7455.67,7719.02,7945.7,8219.98,8410.67,8668.67,8956.86,9298.16,9495.02,9807.34,10107.53,10486.66,10706.88,11066.75,11128.02,,,
28,801.27,1085.0,1394.03,1617.25,1814.19,1983.49,2217.77,2523.39,2719.48,2934.65,3158.2,3512.49,3700.58,3939.86,4149.23,4317.23,4655.11,4957.84,5252.74,5450.8,5709.01,5988.31,6189.48,6447.6,6811.6,7122.75,7366.73,7518.83,7731.6,8033.63,8279.61,8463.56,8798.87,9063.36,9448.1,9556.25,9668.65,9899.94,10171.6,,,,
29,833.64,1081.43,1506.44,1830.04,2046.14,2381.81,2570.56,2786.61,3111.36,3538.32,3813.67,4075.75,4181.38,4558.58,4788.75,5149.01,5522.41,5795.72,6179.53,6465.84,6788.37,7102.64,7419.96,7675.0,7893.36,8202.55,8442.6,8575.07,8988.31,9439.95,9673.04,9962.89,10179.69,10515.33,10887.15,11161.5,11556.27,11871.52,12140.31,12516.27,,,
30,722.28,836.9,879.55,954.71,1210.57,1395.0,1613.98,1946.03,2104.79,2277.05,2401.78,2527.11,2715.95,3010.79,3101.38,3218.34,3561.34,3880.27,4113.87,4291.18,4511.57,4748.1,4918.98,5037.26,5235.58,5541.41,5718.49,5923.34,6137.47,6471.89,6829.11,6982.51,7237.4,7420.01,7645.84,7906.28,8134.35,8379.69,,,,,
31,705.55,960.02,1190.15,1502.93,1803.6,2180.43,2418.0,2701.03,3053.99,3386.51,3784.56,4268.87,4548.59,4879.08,5069.07,5283.48,5694.32,6161.09,6515.3,6848.46,7231.68,7454.94,7887.49,8131.31,8429.75,8624.77,8934.04,9338.13,9482.44,9770.12,9945.49,10216.22,10392.54,10572.13,10800.98,10970.73,11167.51,11594.42,11917.53,12246.81,,,
32,806.65,935.17,1141.83,1328.21,1607.04,1862.31,2132.42,2386.63,2503.54,2801.75,2904.41,2984.51,3204.81,3529.08,3661.32,3828.92,4092.43,4445.71,4688.55,5048.83,5169.08,5185.5,5306.6,5509.94,5664.85,5900.66,6186.79,6426.7,6479.37,6692.15,6840.19,7025.7,7197.16,7401.95,7688.3,7825.28,8039.76,8155.19,,,,,
33,775.38,987.11,1237.04,1411.63,1636.45,1968.63,2149.73,2407.94,2570.01,2915.44,3236.03,3478.69,3768.66,4031.68,4401.13,4627.66,4811.17,5132.75,5287.43,5630.76,5885.96,6137.49,6231.1,6502.58,6628.02,6942.25,7206.32,7378.37,7718.61,8024.27,8447.0,8870.48,9226.04,9600.0,10011.77,10233.41,10416.51,10713.55,10948.97,,,,
34,870.34,1151.48,1411.59,1802.3,2149.89,2378.61,2714.47,3063.81,3442.85,3862.46,4310.88,4661.26,4972.93,5382.34,5640.8,6065.51,6430.48,6773.12,7068.76,7329.3,7550.95,7743.43,8098.2,8487.2,8801.06,9051.52,9491.78,9947.49,10304.44,10573.12,10835.72,11278.75,11679.99,11949.67,12313.36,12688.46,13022.94,13251.45,13533.64,13793.29,14200.32,,
35,761.53,971.95,1472.58,1960.64,2416.75,2884.66,3325.57,3738.16,4048.46,4461.5,4768.69,5235.47,5589.4,6082.1,6454.93,6731.75,7190.0,7627.24,8034.99,8392.65,8793.51,9145.09,9569.56,9893.18,10319.59,10827.77,11164.98,11570.69,11905.0,12341.91,12736.51,13176.75,13536.36,13953.96,14354.89,14752.78,15121.92,15445.08,15833.56,16243.71,16824.95,17202.12,17602.91
36,734.49,909.3,1179.88,1325.13,1448.99,1713.38,1944.98,2186.15,2393.51,2712.66,2983.73,3300.79,3466.1,3812.36,4147.37,4324.77,4636.67,4871.53,5102.03,5324.01,5613.32,5824.48,6113.1,6301.35,6564.62,6728.34,7025.79,7196.1,7460.87,7472.04,7820.99,8014.87,8305.49,8511.53,8734.12,9142.86,9456.36,9707.75,10025.32,,,,
37,741.13,1009.83,1359.98,1623.94,1874.67,2006.81,2312.77,2471.59,2819.47,3197.02,3399.49,3659.15,4082.41,4218.51,4390.8,4718.74,4948.74,5012.69,5314.72,5472.43,5818.86,6150.1,6423.41,6774.26,7046.06,7266.86,7431.39,7733.68,7878.03,8213.84,8490.23,8828.8,9160.25,9311.52,9605.72,9953.94,10084.22,10288.04,10430.1,,,,
38,766.46,1002.21,1302.14,1596.61,1846.04,2134.36,2503.12,2843.6,3203.36,3634.57,3950.55,4141.79,4463.23,4874.13,5192.71,5539.57,5909.9,6249.2,6484.81,6640.34,6854.16,7180.02,7649.63,8034.19,8414.88,8576.21,8978.3,9410.36,9801.58,10203.13,10372.43,10613.84,11040.57,11305.13,11731.88,12094.07,12422.9,12719.12,12981.69,13453.83,13595.78,,
39,765.06,998.04,1275.26,1424.54,1776.03,2078.92,2371.15,2572.53,2713.33,3060.26,3414.9,3660.56,3847.53,4053.93,4179.76,4272.19,4566.27,4853.92,5048.08,5225.9,5529.74,5770.61,6116.51,6313.2,6529.79,6708.36,6957.11,7251.76,7416.8,7604.48,7768.02,7995.34,8242.78,8603.23,8873.32,9109.65,9270.17,9654.9,9949.13,,,,
40,759.58,1181.28,1454.61,1706.34,1839.07,2134.97,2488.55,2768.55,3087.22,3316.33,3676.79,3998.89,4384.87,4695.26,4932.44,5301.33,5645.57,5863.94,6026.97,6415.92,6582.94,6860.96,7121.66,7438.79,7686.64,8094.25,8449.29,8735.3,9016.06,9303.37,9540.17,9838.02,9962.99,10179.97,10439.56,10790.18,11047.72,11384.91,11580.37,,,,
41,752.09,1039.16,1402.69,1834.73,2188.33,2460.71,2786.2,3070.42,3493.98,3773.03,4077.78,4501.55,4722.79,5055.04,5569.8,5940.38,6275.0,6459.73,6887.82,7012.28,7303.12,7714.01,8237.89,8708.34,8941.91,9306.84,9738.97,10135.12,10486.76,10924.14,11292.72,11621.5,11982.51,12199.19,12504.56,12930.02,13313.93,13674.98,14073.83,14206.06,14594.09,,
42,679.18,987.7,1267.47,1499.78,1550.55,1650.45,1862.95,2161.64,2357.59,2537.34,2763.78,2919.38,3139.26,3484.55,3668.56,3867.45,4049.96,4247.56,4415.57,4578.68,4734.22,4958.87,5168.19,5404.21,5691.34,5806.67,6065.77,6242.6,6498.53,6766.25,7060.33,7336.14,7460.5,7712.54,7993.98,8316.75,8622.54,8894.14,,,,,
43,723.38,834.95,1029.46,1377.08,1633.26,1956.14,2155.97,2403.74,2547.65,2732.86,2993.17,3252.65,3357.34,3698.91,3939.32,4162.86,4469.5,4673.15,4966.99,5156.71,5421.26,5649.07,5979.37,6185.02,6393.73,6617.45,6942.9,7136.7,7553.26,7810.03,8095.24,8313.67,8527.09,8826.0,9008.02,9194.62,9424.31,9789.04,10017.7,,,,
44,829.21,1077.23,1333.07,1799.69,2097.65,2419.1,2780.7,3192.44,3491.96,3754.13,4210.18,4573.6,4839.03,5101.14,5329.66,5632.51,6052.66,6426.55,6686.91,7071.76,7398.97,7637.75,7919.82,8242.44,8583.94,8910.85,9222.1,9552.52,9875.31,10116.09,10360.24,10598.91,10820.89,11240.37,11489.37,11718.21,12092.05,12460.61,12748.09,13119.61,,,
45,794.07,1061.81,1464.33,1827.47,2050.75,2384.32,2739.68,3137.98,3375.08,3618.09,4012.21,4327.33,4496.75,4852.02,5080.44,5325.04,5771.44,5995.37,6111.26,6428.71,6799.64,7164.53,7562.81,7786.25,8132.37,8499.09,8816.94,9034.64,9263.74,9550.29,9700.89,10051.78,10338.47,10599.84,10824.13,11021.77,11426.77,11781.31,12055.73,12357.04,,,
46,724.68,860.29,920.21,1170.84,1610.3,1743.47,2001.27,2166.72,2505.41,2767.66,3010.5,3273.59,3583.82,4063.91,4444.94,4794.47,5069.65,5429.37,5714.73,6015.2,6323.93,6550.35,6869.31,7333.73,7548.61,7982.42,8330.99,8685.56,8975.77,9296.29,9537.52,9836.47,10233.56,10511.34,10742.36,11123.0,11387.65,11641.68,11868.98,12224.36,,,
47,685.22,1008.64,1188.8,1605.34,1848.27,2062.73,2188.13,2577.23,2936.11,3254.41,3489.29,3848.84,4010.5,4208.91,4644.56,5040.91,5398.52,5824.54,6061.18,6343.12,6483.34,6767.2,7119.21,7341.0,7476.51,7805.81,8103.19,8446.24,8759.04,9060.25,9240.6,9438.38,9727.64,10064.14,10361.08,10655.05,11056.58,11342.06,11465.12,11756.72,,,
48,719.08,917.54,1249.71,1486.1,1655.41,1953.13,2197.35,2449.1,2671.04,2888.9,3175.67,3446.93,3619.35,3936.67,4074.71,4357.05,4553.62,4620.75,4744.05,5101.09,5235.73,5443.48,5765.12,6122.44,6379.52,6714.68,7059.42,7304.21,7585.71,7958.92,8351.89,8558.0,8697.2,9085.53,9452.84,9803.58,10131.71,10358.64,10548.83,,,,
49,778.81,1106.73,1326.05,1574.08,1721.64,2032.49,2390.01,2624.03,2990.98,3338.72,3668.25,4025.51,4198.0,4513.47,4842.89,4877.46,5165.83,5433.82,5696.71,5992.62,6246.07,6449.75,6684.27,6997.42,7163.85,7518.4,7743.29,7965.83,8187.97,8417.83,8713.88,9016.23,9247.72,9465.53,9758.38,10016.35,10352.95,10621.31,11001.07,,,,
50,729.37,875.45,1027.0,1262.71,1322.17,1266.31,1450.51,1686.91,1704.75,1793.41,2015.31,2205.33,2337.09,2497.84,2550.16,2835.23,3025.47,3255.82,3357.35,3563.75,3793.12,3995.29,3985.72,4200.04,4403.05,4553.4,4632.46,4669.98,4767.29,4958.64,5231.82,5500.51,5653.44,5868.98,6020.41,6211.94,6455.19,,,,,,
51,780.3,1054.64,1361.28,1784.76,2055.92,2494.02,2921.92,3294.69,3616.86,3805.14,4109.95,4515.26,4797.07,5177.35,5584.78,5899.9,6217.3,6564.71,6934.52,7319.79,7459.92,7698.57,8062.5,8412.83,8809.02,9336.51,9738.09,10213.22,10702.3,11031.12,11334.68,11720.03,12080.66,12455.87,12863.47,13282.57,13624.48,13853.16,14280.07,14601.53,14885.74,,
52,757.7,1034.94,1156.24,1268.55,1564.1,1670.54,1894.44,1985.34,2230.57,2238.22,2293.86,2341.78,2614.42,2761.73,2994.75,3157.91,3217.33,3391.92,3544.36,3702.34,3985.88,4201.03,4383.12,4619.32,4917.24,5047.05,5098.88,5268.48,5403.74,5542.19,5821.96,6006.33,6256.0,6489.85,6756.92,6978.29,7042.48,,,,,,
53,869.77,1100.83,1455.16,1715.4,2094.55,2444.81,2815.64,3129.38,3493.53,3865.68,4166.83,4531.56,4844.18,5150.63,5433.09,5783.95,5965.41,6324.42,6610.11,7007.11,7232.73,7597.8,7846.72,8245.64,8626.63,8988.24,9374.14,9625.79,9894.65,10134.11,10511.12,10801.87,11094.18,11382.97,11693.12,11990.95,12430.06,12839.3,13206.78,13616.05,13906.36,,
54,799.5,1163.8,1515.27,1808.07,2160.26,2448.91,2756.48,3117.4,3418.32,3755.63,4066.69,4387.78,4711.5,4981.4,5279.41,5472.85,5726.21,6058.56,6281.18,6576.88,6750.24,6963.7,7230.27,7485.79,7912.7,8298.25,8609.73,8964.68,9288.69,9634.75,9960.93,10192.19,10505.98,10861.06,11151.88,11456.69,11818.85,12240.17,12503.21,12820.2,,,
55,756.13,958.56,1250.47,1452.65,1773.44,2119.7,2442.09,2653.46,2824.41,3041.15,3371.83,3635.01,3926.28,4338.59,4660.47,4871.94,5192.29,5563.33,5907.37,6310.95,6511.95,6726.78,7049.15,7321.98,7566.83,7896.27,8224.08,8409.18,8725.49,9016.71,9273.28,9454.94,9717.82,10122.05,10392.44,10771.47,11175.08,11627.11,11933.46,12160.93,,,
56,841.17,1148.79,1557.32,1805.0,2022.89,2322.44,2710.79,2957.3,3346.55,3629.12,3890.38,4134.89,4413.69,4712.81,5027.14,5417.4,5677.54,6078.7,6421.68,6792.67,7085.51,7297.03,7517.69,7940.16,8302.99,8698.4,9029.16,9327.93,9675.92,9887.14,10360.24,10863.45,11154.16,11546.58,11789.78,12131.58,12601.94,13014.82,13417.79,13819.84,14188.34,,
57,718.98,972.73,1105.38,1193.32,1445.78,1545.58,1629.4,1822.15,1997.46,2155.74,2211.79,2360.86,2576.14,2561.13,2859.67,3206.19,3412.77,3698.7,3863.93,4034.22,4135.7,4239.81,4356.28,4652.82,4998.26,5113.49,5250.91,5221.85,5326.12,5560.39,5700.66,5860.67,6140.58,6344.25,6520.39,6684.21,6957.59,,,,,,
58,818.19,963.23,1117.66,1359.29,1599.95,1757.2,1995.15,2268.74,2527.14,2802.88,2994.78,3184.47,3403.13,3702.21,3901.95,4070.75,4336.94,4546.97,4858.56,5127.24,5478.13,5635.79,5913.61,6151.03,6228.95,6462.16,6608.22,6842.53,7032.71,7145.36,7217.04,7417.59,7578.91,7612.04,7800.9,8068.58,8373.27,8620.05,,,,,
59,835.05,1164.65,1433.75,1817.99,1961.28,2249.98,2540.38,2807.02,3279.97,3588.63,3901.91,4150.01,4584.68,5024.47,5300.72,5634.83,5946.75,6256.05,6626.09,7060.75,7458.98,7900.44,8201.78,8487.1,8752.39,9062.37,9503.53,9783.59,10155.17,10501.94,10793.41,11129.24,11390.11,11575.96,11899.22,12289.75,12534.11,12969.15,13241.48,13606.37,13923.39,,
60,762.78,951.41,1017.21,1313.81,1562.74,1886.55,2052.21,2275.65,2734.92,3071.83,3359.49,3589.22,3762.42,4016.42,4282.21,4464.98,4679.75,5055.02,5350.0,5610.49,5848.61,6042.13,6363.98,6636.58,6950.58,7060.17,7418.05,7709.26,8073.75,8426.64,8665.61,8904.52,9176.55,9434.8,9667.54,10060.64,10428.99,10778.83,11011.73,,,,
61,772.71,982.27,1341.58,1814.04,2179.3,2536.16,2778.68,2991.72,3212.42,3423.38,3783.13,4149.77,4445.76,4775.91,5092.71,5483.47,5820.54,6136.63,6497.64,6805.24,7103.48,7431.24,7700.63,7883.68,8209.07,8530.54,8819.2,9069.42,9336.22,9417.39,9754.14,10132.94,10326.61,10733.15,11100.85,11499.59,11878.55,12169.69,12355.06,12765.03,,,
62,753.5,945.4,1326.17,1688.97,2051.09,2269.94,2575.4,2884.67,3279.29,3597.12,3967.67,4353.57,4846.81,5264.83,5431.13,5753.43,6184.11,6354.12,6853.52,7201.86,7530.65,7828.75,8083.65,8418.25,8846.97,9031.91,9262.63,9654.0,10138.81,10554.65,10875.35,11179.09,11446.96,11862.87,12176.97,12423.22,12648.48,12945.76,13300.54,13684.22,14001.35,,
63,761.83,910.6,944.39,1027.69,1095.71,1377.52,1552.24,1879.8,2038.87,2187.86,2269.02,2367.39,2478.06,2734.02,2896.58,2987.94,3035.98,3190.36,3359.65,3441.56,3554.22,3622.1,3750.78,3813.65,3925.33,4086.51,4299.46,4346.27,4379.1,4447.81,4586.0,4685.69,5103.55,5211.75,5291.14,5462.59,,,,,,,
64,732.58,924.55,1227.91,1455.8,1709.02,1953.4,2348.4,2563.94,2834.37,3113.2,3395.15,3597.11,3850.79,4102.57,4493.49,4664.06,4941.98,5332.47,5629.42,5823.04,6217.49,6454.35,6732.52,6916.23,7113.2,7307.1,7758.72,8075.15,8261.71,8506.62,8754.01,8975.11,9160.69,9456.78,9736.51,9903.89,10190.42,10380.97,10758.47,,,,
65,732.48,1051.44,1292.06,1554.15,1887.37,2195.18,2485.44,2821.35,3050.54,3348.81,3737.68,4052.5,4279.33,4523.02,4788.98,5046.06,5289.85,5604.42,5938.35,6254.07,6508.18,6811.94,7061.67,7418.02,7664.5,7963.3,8298.54,8477.48,8838.79,9129.35,9428.17,9680.6,10079.7,10403.75,10768.51,11110.97,11483.63,11795.29,12047.2,12369.82,,,
66,861.16,1195.2,1610.1,1935.41,2190.2,2486.14,2853.58,3072.52,3469.55,3840.25,4249.67,4527.66,4851.88,5099.12,5361.67,5704.51,5922.01,6256.46,6576.13,6848.51,7131.97,7482.74,7881.92,8296.39,8628.8,8906.26,9145.81,9488.36,9701.29,9933.61,10172.4,10397.19,10750.82,11133.57,11426.75,11668.5,12045.98,12456.47,12772.79,12982.72,,,
67,767.94,920.08,1245.99,1610.24,1971.72,2288.56,2473.84,2827.42,3127.92,3381.67,3653.44,3905.34,4293.6,4646.69,4909.1,5154.99,5416.16,5833.46,6101.03,6596.17,7038.01,7366.29,7722.4,7930.95,8232.18,8406.56,8660.41,8898.61,9225.95,9418.54,9779.94,10119.62,10320.23,10572.02,10864.69,11269.12,11607.18,11814.75,12071.56,12286.31,,,
68,757.28,1159.25,1482.13,1911.77,2233.2,2571.06,2852.38,3127.93,3510.81,3900.94,4150.66,4484.76,4848.52,5141.24,5489.96,5903.71,6332.91,6648.39,6852.69,7031.02,7396.97,7804.82,8216.89,8624.05,8777.35,9138.12,9499.35,9799.38,10058.65,10492.13,10593.52,10812.72,11172.89,11505.96,11701.37,11885.62,12130.64,12422.38,12783.25,13141.0,13534.38,,
69,785.84,934.94,1229.68,1629.77,1848.22,2115.5,2252.86,2656.03,3056.0,3367.97,3575.13,3883.51,4138.74,4487.34,4713.8,5024.48,5278.34,5558.28,5877.38,6208.47,6522.22,6950.72,7272.28,7662.09,7870.5,8206.03,8537.9,8783.6,9029.74,9392.48,9619.22,9999.14,10397.63,10725.18,11097.3,11473.31,11789.09,12205.56,12545.33,12827.18,,,
70,821.38,1052.29,1325.88,1511.29,1642.3,1759.18,1913.76,2057.8,2166.13,2348.48,2536.05,2814.97,2937.06,3054.97,3250.46,3402.12,3496.49,3689.83,3798.94,3864.09,3977.47,3962.85,4156.06,4364.09,4550.88,4650.2,4788.03,4927.32,5030.22,5184.96,5221.12,5388.85,5464.11,5520.53,5728.38,5855.63,6056.67,,,,,,
71,713.81,957.16,1130.53,1263.58,1525.81,1808.87,2052.3,2326.54,2674.97,2981.61,3155.82,3410.19,3608.89,4068.17,4242.14,4646.93,4892.89,5223.95,5361.32,5636.13,5761.52,5919.31,6121.33,6345.11,6655.42,6967.3,7308.08,7576.17,7850.59,8132.39,8551.58,8852.32,9095.65,9352.65,9549.53,9843.34,10154.98,10509.23,10742.58,,,,
72,806.3,1206.92,1567.96,1767.91,2098.6,2350.1,2448.6,2621.22,2865.11,3159.4,3399.65,3583.44,3780.57,4008.21,4135.45,4403.14,4459.08,4666.93,4930.75,5115.22,5330.75,5561.12,5820.74,6092.83,6173.65,6488.55,6733.83,6926.97,7235.78,7444.1,7681.06,7951.63,8029.84,8281.87,8454.48,8750.15,9086.52,9298.42,9607.92,,,,
73,730.9,1072.08,1438.82,1741.82,2062.8,2440.05,2801.33,3091.52,3350.65,3729.35,3981.23,4279.84,4569.86,5052.29,5381.62,5646.07,5947.56,6409.02,6730.35,7025.43,7361.35,7644.24,7934.03,8165.68,8404.99,8612.78,8988.87,9083.04,9387.14,9688.91,9952.86,10213.33,10508.41,10792.23,11239.06,11568.02,11781.91,12156.4,12542.03,12892.07,,,
74,781.0,1026.22,1405.25,1710.11,1998.98,2501.04,2737.23,3023.67,3338.98,3591.57,3932.45,4141.82,4264.26,4517.96,4861.77,5254.71,5477.25,5836.59,6227.42,6412.38,6717.72,7047.81,7329.37,7673.29,7924.62,8311.2,8772.68,9129.83,9644.72,9865.33,10373.16,10703.54,11082.12,11534.85,11923.01,12306.4,12674.01,13073.87,13382.32,13647.7,14062.88,14544.55,
75,785.81,988.65,1318.13,1642.45,2071.95,2327.1,2655.18,3062.76,3369.94,3551.13,3688.03,3918.76,4201.11,4425.25,4691.1,5117.14,5465.53,5687.09,6020.32,6216.08,6506.47,6853.64,7028.84,7358.8,7692.64,8027.04,8349.92,8654.64,8947.55,9279.63,9561.05,9925.81,10276.4,10396.23,10580.01,10873.69,11177.52,11466.83,11787.93,11981.77,,,
76,817.34,1124.14,1467.98,1808.52,2231.61,2637.38,3186.64,3644.49,3933.38,4440.13,4797.06,5189.8,5629.81,5963.03,6461.97,6932.32,7373.9,7715.28,8011.5,8420.18,8856.77,9360.42,9788.36,10086.36,10504.59,10756.83,11206.46,11706.35,12045.05,12434.04,12729.33,13074.8,13435.15,13901.33,14326.46,14782.73,15100.28,15559.81,15864.44,16226.32,16486.65,16983.22,17416.51
77,822.79,943.3,1199.35,1509.39,1747.08,1908.2,2246.62,2408.43,2520.48,2689.27,3028.25,3300.6,3474.45,3652.86,3897.21,4174.99,4391.08,4743.9,4989.19,5275.68,5448.47,5664.86,6087.1,6318.45,6551.48,6738.64,6952.63,7210.17,7462.3,7620.84,7945.99,8268.04,8434.83,8764.85,8908.83,9218.28,9484.69,9630.33,9914.79,,,,
78,749.26,915.23,1343.68,1603.88,2004.52,2136.09,2338.07,2609.94,2768.35,2945.19,3243.64,3578.24,3822.79,4143.92,4476.9,4746.88,4958.69,5217.85,5607.5,5932.77,6053.84,6287.61,6415.69,6804.63,7124.78,7366.65,7599.96,7823.18,8125.08,8327.96,8505.59,8893.89,9023.36,9215.67,9343.43,9562.74,9736.69,9833.68,10139.99,,,,
79,737.93,899.87,1255.98,1552.49,1805.05,2128.79,2455.37,2702.33,2916.68,3157.25,3383.18,3670.26,3968.24,4189.64,4429.14,4615.5,4831.28,5113.69,5365.46,5569.42,5861.68,6250.69,6522.76,6790.08,6985.07,7154.24,7387.24,7577.68,7851.4,8015.72,8213.62,8467.78,8829.04,9157.6,9473.61,9763.16,10001.24,10293.89,10602.86,,,,
80,708.9,850.06,1062.26,1244.68,1544.23,1695.24,1878.2,2036.35,2290.7,2420.42,2570.49,2579.99,2773.57,2978.35,3222.24,3363.12,3594.02,3894.53,4055.25,4164.13,4366.42,4724.09,4885.77,5006.86,5163.11,5414.2,5546.45,5801.13,6108.37,6259.79,6338.53,6624.12,6870.61,7121.34,7173.4,7345.13,7528.31,,,,,,
81,816.25,1037.95,1357.06,1715.3,1970.7,2206.57,2416.6,2667.97,2853.83,3082.1,3252.43,3557.47,3819.23,3957.61,4210.81,4360.1,4498.5,4678.26,5061.54,5311.35,5525.2,5749.63,5986.98,6195.93,6545.4,6866.42,7003.48,7258.34,7530.55,7582.27,7669.63,7864.68,7951.64,8208.05,8254.33,8446.1,8656.04,8920.65,,,,,
82,758.46,1040.89,1374.33,1752.89,2067.98,2350.69,2669.79,3070.96,3401.7,3793.23,4134.44,4294.53,4594.01,4921.59,5208.93,5552.01,5901.38,6265.29,6538.91,6719.58,7081.16,7248.83,7554.65,7795.92,8069.99,8466.57,8794.28,9202.13,9360.59,9565.76,9821.64,10154.79,10350.42,10642.57,11044.64,11396.76,11778.33,11995.55,12391.79,12631.0,,,
83,703.29,1050.62,1254.8,1570.35,1888.88,2231.24,2493.87,2780.65,2878.69,3212.21,3705.02,3971.96,4187.93,4498.05,4815.44,5117.15,5253.77,5589.41,5907.8,6061.34,6312.23,6639.06,6921.91,7140.12,7478.02,7647.96,7807.5,8054.63,8399.59,8651.67,8944.27,9351.58,9639.41,9933.98,10214.21,10579.85,10971.49,11178.15,11415.64,,,,
84,753.91,803.23,904.41,1102.24,1315.46,1633.79,1833.25,2095.84,2281.14,2511.95,2824.12,3051.87,3252.61,3491.85,3641.7,3854.56,4011.66,4224.44,4410.13,4558.82,4770.55,4903.58,5227.06,5431.62,5620.22,5725.58,5901.04,6122.05,6300.73,6476.08,6715.81,7012.28,7135.98,7332.79,7615.17,7796.02,8159.84,8366.5,,,,,
85,742.4,862.83,1222.9,1527.78,1792.29,1957.96,2045.05,2298.79,2486.18,2693.65,3012.94,3307.41,3528.05,3664.47,3900.24,4135.44,4168.65,4316.08,4436.85,4661.56,4911.12,5172.73,5447.98,5703.12,5924.15,6158.05,6456.75,6624.56,6865.16,6980.96,7147.13,7405.25,7587.52,7710.4,7967.4,8106.67,8321.61,8563.16,,,,,
86,758.36,1059.28,1331.99,1710.23,1994.55,2243.88,2670.0,3063.72,3435.39,3775.26,3975.3,4342.21,4585.96,4940.84,5100.77,5383.31,5628.65,5995.25,6254.13,6661.32,6999.24,7345.07,7767.58,8120.48,8613.08,8900.74,9173.95,9381.4,9783.32,10008.55,10438.65,10691.18,10909.22,11194.68,11471.12,11680.6,12038.51,12318.8,12524.76,12857.55,,,
87,749.6,991.09,1280.68,1405.84,1635.68,1765.65,1982.57,2164.82,2441.66,2750.66,2862.65,3053.98,3244.97,3436.51,3647.18,3923.44,4133.25,4326.28,4478.3,4696.3,4948.99,5149.77,5325.75,5560.87,5822.91,6004.95,6237.22,6434.43,6603.19,6771.54,6993.5,7358.06,7494.05,7674.39,7883.93,8055.31,8413.43,8739.85,,,,,
88,725.54,893.77,1026.33,1310.76,1564.14,1786.6,2038.11,2203.92,2377.87,2734.54,2979.57,3215.42,3396.85,3567.59,3855.63,4151.43,4368.3,4584.5,4808.03,5100.08,5420.53,5684.24,5831.67,5983.29,6159.36,6513.32,6783.43,7042.9,7175.23,7395.01,7617.54,7842.26,8059.73,8335.68,8518.51,8842.36,9056.37,9361.8,,,,,
89,703.01,819.31,1007.75,1149.23,1390.94,1577.5,1807.67,2128.11,2401.99,2733.39,2948.4,3059.09,3272.72,3546.88,3796.42,3967.66,4182.85,4574.46,4746.49,5054.29,5299.38,5443.11,5682.78,5875.09,6025.39,6367.8,6500.91,6672.28,6851.45,7161.16,7344.89,7478.15,7561.86,7789.18,7979.0,8285.63,8658.35,8972.89,,,,,
90,791.86,1018.29,1401.8,1743.1,1894.67,2200.33,2576.95,2919.45,3163.96,3437.48,3788.68,4181.08,4513.3,4845.45,5194.12,5527.79,5979.86,6255.19,6744.89,7096.15,7515.89,7784.19,8067.31,8392.9,8649.53,8942.48,9269.71,9536.48,10029.13,10212.58,10538.34,10903.0,11172.85,11463.03,11750.66,11987.72,12318.11,12490.77,12771.76,12995.99,13324.18,,
91,841.23,1165.4,1460.0,1902.89,2138.59,2280.02,2417.7,2628.09,2829.55,3249.05,3397.03,3715.04,4033.28,4389.06,4703.85,5134.87,5565.2,5831.85,6220.47,6487.17,6846.09,7167.94,7578.84,7960.08,8162.47,8546.03,9039.12,9304.44,9597.38,9728.13,9992.03,10162.41,10456.25,10783.74,10864.45,11173.34,11485.5,11794.56,12090.53,12421.32,,,
92,768.27,1158.44,1499.8,1719.27,2029.1,2326.45,2709.59,3081.54,3407.0,3899.88,4201.97,4558.63,4814.6,5194.42,5541.98,5859.85,6222.47,6449.83,6882.93,7300.91,7671.69,7948.77,8334.42,8666.14,8982.14,9132.7,9353.05,9681.4,9987.22,10202.56,10321.53,10527.71,10762.03,11063.61,11439.19,11846.28,12103.1,12512.18,12885.05,13095.4,13431.28,,
93,791.76,963.46,1105.13,1275.97,1491.28,1721.3,1987.88,2269.67,2467.12,2697.33,3073.54,3364.59,3441.5,3509.29,3716.89,3855.19,4068.91,4275.35,4481.66,4548.75,4818.68,5054.07,5212.26,5422.27,5609.55,5816.31,6116.69,6228.24,6464.43,6820.81,7031.8,7402.93,7627.51,7917.14,8099.35,8365.75,8660.73,8907.78,,,,,
94,789.49,1051.19,1305.88,1590.65,1709.61,1982.72,2223.33,2457.45,2741.28,2892.59,3101.79,3428.6,3683.51,3940.42,4256.92,4554.09,4691.06,5037.81,5256.41,5519.95,5845.1,6181.97,6444.59,6570.3,6793.4,7078.98,7364.96,7682.03,7918.55,8243.33,8378.2,8454.3,8578.32,8762.47,8863.34,9019.36,9246.62,9413.77,,,,,
95,761.33,1006.26,1261.03,1580.06,1917.68,2228.81,2506.43,2518.08,2881.48,3142.05,3454.24,3621.5,3926.55,4179.04,4466.2,4791.74,5053.17,5340.69,5657.61,5961.35,6124.86,6284.46,6357.16,6637.11,6737.09,6985.11,7336.2,7693.1,7834.13,8097.09,8464.18,8651.99,8932.47,9272.38,9367.12,9495.46,9777.51,9975.57,10203.87,,,,
96,747.04,921.7,1293.58,1494.79,1600.88,1776.08,1922.98,2037.16,2375.56,2596.97,2929.92,3123.29,3286.9,3411.04,3631.63,3864.85,4174.88,4392.41,4617.12,4947.39,5135.81,5344.55,5537.01,5676.42,6064.07,6342.62,6515.51,6801.31,7031.26,7127.32,7325.83,7448.94,7850.49,7976.66,8167.94,8369.63,8654.26,8697.24,,,,,
97,707.29,1024.1,1401.9,1700.75,1885.03,2035.44,2329.18,2587.46,2836.09,3081.92,3356.88,3725.24,3966.63,4327.63,4467.47,4687.61,4983.23,5257.35,5545.66,5746.92,6045.16,6386.52,6664.44,6933.06,7151.44,7419.65,7662.07,8021.84,8316.85,8560.27,8836.28,9243.01,9679.61,10113.37,10394.47,10710.09,10830.22,11152.24,11372.62,,,,
98,849.4,1071.62,1394.34,1540.67,1764.76,1945.17,2134.78,2309.89,2472.01,2625.63,2837.42,3192.19,3339.89,3459.44,3771.41,3965.69,4236.56,4388.65,4497.54,4758.71,4851.22,5127.85,5332.95,5635.68,5798.28,6044.48,6347.81,6549.61,6635.91,6774.54,7040.27,7292.56,7605.44,7810.99,8014.16,8218.3,8446.23,8741.89,,,,,
99,734.56,939.84,1161.96,1280.39,1529.8,1669.49,2059.21,2425.6,2719.64,2939.78,3225.07,3441.37,3659.21,3964.25,4075.12,4293.32,4610.8,4845.03,5137.29,5251.37,5523.79,5782.74,6182.27,6333.3,6658.19,6951.72,7231.41,7436.7,7669.08,8019.14,8307.94,8579.08,8832.36,8977.06,9263.18,9358.67,9607.08,9916.07,,,,,
