,Order Index,Order-in Time,Rider Index,Rider Arrives at Restaurant,Order Delivered Time,Waiting Time,DT,Time taken before delivery
,0,42,22,111.0651866,460.2470876,418.2470876,349.181901,69.0651866
,1,75,5,136.5223537,375.6980213,300.6980213,239.1756677,61.52235366
,2,105,15,158.3666563,324.9619743,219.9619743,166.5953181,53.36665626
,3,137,13,206.6347614,930.2126771,793.2126771,723.5779156,69.63476143
,4,172,16,357.9516066,1095.41008,923.41008,737.4584734,185.9516066
,5,204,31,295.0933587,1124.637812,920.637812,829.5444533,91.0933587
,6,238,19,302.6606526,833.5514135,595.5514135,530.8907609,64.66065264
,7,267,8,356.4427191,746.7707862,479.7707862,390.3280671,89.4427191
,8,292,27,388.4209521,666.7247429,374.7247429,278.3037908,96.42095208
,9,319,9,423.1393297,729.5573449,410.5573449,306.4180151,104.1393297
,10,347,10,390.2897216,1306.676649,959.6766487,916.386927,43.28972164
,11,384,23,562.1039023,931.1675824,547.1675824,369.0636801,178.1039023
,12,414,7,529.5248891,1140.4275,726.4275,610.9026109,115.5248891
,13,440,29,529.4427191,1242.456043,802.456043,713.0133239,89.4427191
,14,466,6,691.3996451,1611.380623,1145.380623,919.9809781,225.3996451
,15,485,11,594.0183471,1321.052046,836.0520464,727.0336994,109.0183471
,16,506,15,733.1079039,1148.863842,642.8638419,415.755938,227.1079039
,17,529,5,616.2066511,962.2124314,433.2124314,346.0057803,87.20665112
,18,557,22,668.3956911,1000.252588,443.252588,331.8568969,111.3956911
,19,596,3,745.2146105,979.3982991,383.3982991,234.1836886,149.2146105
,20,626,32,910.8385508,1322.785149,696.7851492,411.9465985,284.8385508
,21,665,18,743.7718224,1445.007874,780.0078739,701.2360516,78.77182237
,22,699,20,922.8146555,1386.624962,687.6249615,463.8103061,223.8146555
,23,733,12,822.3588272,1442.455594,709.4555939,620.0967666,89.35882721
,24,757,8,884.4754878,1456.623196,699.623196,572.1477082,127.4754878
,25,786,33,871.3814968,1852.500246,1066.500246,981.1187492,85.38149682
,26,817,30,873,1798.142692,981.1426917,925.1426917,56
,27,854,27,1137.783368,1899.72956,1045.72956,761.9461923,283.7833681
,28,890,34,1297.185461,1727.701431,837.7014309,430.5159695,407.1854614
,29,929,9,1232.506178,2034.000407,1105.000407,801.4942295,303.5061779
,30,954,19,1162,1877.167812,923.1678125,715.1678125,208
,31,984,23,1120.213068,1642.903225,658.9032252,522.6901568,136.2130684
,32,1024,17,1188.073154,1544.280959,520.2809589,356.2078045,164.0731544
,33,1061,14,1823.341787,2383.349823,1322.349823,560.0080357,762.3417869
,34,1087,21,1236.013422,1506.849166,419.8491658,270.8357436,149.0134222
,35,1122,1,1508.063466,1974.107456,852.1074556,466.0439893,386.0634663
,36,1159,13,1367.63365,2186.374757,1027.374757,818.7411068,208.6336502
,37,1188,15,1720.227395,2497.564516,1309.564516,777.3371212,532.227395
,38,1215,5,1251.221541,1675.896711,460.8967105,424.67517,36.22154055
,39,1243,7,1556.789739,1759.200213,516.2002126,202.410474,313.7897385
,40,1280,22,1333.740115,2112.406925,832.4069247,778.6668094,53.74011537
,41,1308,29,1591.402541,1807.404855,499.4048554,216.0023148,283.4025406
,42,1327,32,1577.35375,2201.883173,874.8831726,624.5294228,250.3537497
,43,1356,26,1429.437048,2115.618511,759.6185108,686.1814629,73.43704787
,44,1384,11,1607.230822,2185.0699,801.0699002,577.8390779,223.2308222
,45,1425,10,1655.217289,1975.137591,550.1375912,319.9203026,230.2172887
,46,1460,20,1668.432243,2390.479333,930.4793331,722.0470899,208.4322432
,47,1489,12,1699.318806,1714.083629,225.0836287,14.76482306,210.3188056
,48,1515,4,1685.423003,2105.957187,590.9571872,420.5341841,170.4230031
,49,1550,8,1886.732832,2357.198558,807.1985585,470.4657267,336.7328318
,50,1568,31,1824.25378,3017.178338,1449.178338,1192.924558,256.2537805
,51,1589,21,2119.204677,2587.385198,998.3851982,468.1805207,530.2046775
,52,1622,18,2226.156437,2957.014836,1335.014836,730.8583994,604.1564367
,53,1648,23,1736.45903,2183.369536,535.3695356,446.9105056,88.45903006
,54,1671,3,2186.006796,2606.844057,935.8440568,420.8372607,515.0067961
,55,1705,24,1856.082759,2091.67775,386.6777502,235.5949915,151.0827588
,56,1736,34,1988.126952,2095.742007,359.7420069,107.6150547,252.1269521
,57,1763,12,1933.575496,2486.824988,723.8249881,553.2494916,170.5754965
,58,1802,7,2032.464748,2756.399137,954.3991371,723.9343893,230.4647478
,59,1833,5,2012.80545,2438.427348,605.4273484,425.6218979,179.8054504
,60,1865,25,1994.865315,2215.521155,350.5211555,220.6558406,129.8653148
,61,1884,16,2009.717938,2974.257725,1090.257725,964.5397866,125.7179383
,62,1914,17,2027.863954,2156.17997,242.1799701,128.3160161,113.8639539
,63,1939,33,2272.709454,3034.04775,1095.04775,761.3382954,333.7094545
,64,1966,29,2016.209561,2190.637196,224.6371963,174.4276354,50.20956084
,65,1993,10,2307,3134.966787,1141.966787,827.9667868,314
,66,2025,27,2097.718636,3143.827617,1118.827617,1046.108981,72.71863585
,67,2062,2,2216.184954,2650.799726,588.7997258,434.614772,154.1849539
,68,2080,9,2103.021729,2684.444983,604.4449826,581.4232537,23.02172887
,69,2109,30,2300.049732,3210.228286,1101.228286,910.1785539,191.0497317
,70,2134,22,2410.219116,3183.623279,1049.623279,773.4041634,276.2191159
,71,2159,34,2298.269523,2658.337572,499.337572,360.0680491,139.2695229
,72,2195,1,2323.082005,2927.558638,732.5586381,604.4766331,128.082005
,73,2222,32,2546.137317,3072.366354,850.3663542,526.2290376,324.1373166
,74,2250,11,2455.182845,2624.185804,374.1858038,169.0029586,205.1828453
,75,2290,24,2438.124947,3017.097313,727.0973127,578.9723655,148.1249473
,76,2317,13,2564.163913,3135.618198,818.6181984,571.4542851,247.1639132
,77,2347,19,2870.686929,3891.34603,1544.34603,1020.659101,523.6869294
,78,2373,25,2863.975559,3146.821807,773.8218075,282.846248,490.9755595
,79,2396,14,2490.92102,3232.045166,836.0451659,741.1241461,94.9210198
,80,2423,29,2741.452508,3321.419749,898.4197487,579.9672405,318.4525082
,81,2453,26,2921.62565,3241.945803,788.9458025,320.3201523,468.6256502
,82,2473,23,2745.058817,3071.276536,598.2765359,326.2177187,272.0588172
,83,2505,15,2764.030886,3670.244989,1165.244989,906.2141027,259.0308862
,84,2544,8,2627.006024,3104.052143,560.0521432,477.0461194,83.00602388
,85,2565,0,2871.53711,3638.615985,1073.615985,767.0788747,306.5371103
,86,2579,12,2836.720779,3157.72701,578.7270096,321.0062305,257.7207791
,87,2606,28,2781.071414,3701.342026,1095.342026,920.2706124,175.071414
,88,2643,21,3037.121809,3335.872541,692.8725408,298.7507322,394.1218086
,89,2674,34,2842.344884,3384.939576,710.9395763,542.5946922,168.3448841
,90,2702,4,2873.944759,3041.807798,339.807798,167.8630394,171.9447586
,91,2736,11,2952.813284,3544.263197,808.2631971,591.4499133,216.8132837
,92,2768,2,3303.70981,4200.665215,1432.665215,896.9554058,535.7098095
,93,2796,9,3106.266015,3581.989674,785.9896742,475.7236593,310.2660149
,94,2822,3,3114.330293,3537.000377,715.0003768,422.6700841,292.3302926
,95,2854,17,3326.978858,4001.765491,1147.765491,674.7866329,472.9788579
,96,2886,6,3674.650747,4055.31464,1169.31464,380.6638937,788.6507465
,97,2906,5,3528.388946,3960.560208,1054.560208,432.1712623,622.3889459
,98,2929,7,3488.177968,4227.610183,1298.610183,739.4322146,559.1779681
,99,2962,20,3266.726107,4058.050313,1096.050313,791.3242066,304.7261065
,100,2992,16,3270.354091,3802.898925,810.8989248,532.5448338,278.354091
,101,3019,24,3153.201341,3602.214704,583.2147041,449.0133628,134.2013413
,102,3053,1,3378.518049,3628.967644,575.9676444,250.4495957,325.5180487
,103,3074,18,3180.042444,3694.104697,620.1046974,514.062253,106.0424443
,104,3113,23,3538.333986,4223.965083,1110.965083,685.6310961,425.3339864
,105,3140,4,3227.321246,3334.339936,194.3399359,107.01869,87.32124598
,106,3179,33,3362.534738,3892.313937,713.3139371,529.7791993,183.5347379
,107,3205,13,3479.220714,4166.171222,961.1712217,686.9505077,274.220714
,108,3240,10,3522.193196,3726.281412,486.2814125,204.0882162,282.1931962
,109,3268,8,3611.110769,4536.910964,1268.910964,925.8001944,343.1107693
,110,3297,26,3631.755134,4650.136694,1353.136694,1018.381559,334.7551344
,111,3326,25,3470.461067,4238.331499,912.3314992,767.8704318,144.4610674
,112,3355,21,3541.077941,3679.775453,324.7754533,138.6975126,186.0779407
,113,3386,32,3629.310501,4377.965295,991.9652948,748.6547936,243.3105012
,114,3417,27,4133.034217,4718.908777,1301.908777,585.87456,716.0342171
,115,3448,22,4017.5507,4939.7741,1491.7741,922.2234003,569.5507001
,116,3480,29,3991.375596,4557.765038,1077.765038,566.389442,511.3755958
,117,3506,12,3830.895368,4539.192622,1033.192622,708.297254,324.8953678
,118,3532,4,4104.43777,4572.673821,1040.673821,468.2360516,572.4377695
,119,3559,3,3970.407341,4677.231223,1118.231223,706.8238819,411.4073407
,120,3587,11,3617.88689,3941.222629,354.2226292,323.3357388,30.88689042
,121,3627,9,3920.402454,4368.174718,741.1747175,447.7722635,293.402454
,122,3664,0,3686.203603,3869.738341,205.7383412,183.5347379,22.20360331
,123,3698,34,3990.919784,4124.441318,426.4413181,133.5215338,292.9197842
,124,3721,1,3991.691707,4511.43876,790.4387604,519.7470539,270.6917066
,125,3753,18,3814.032778,4828.655861,1075.655861,1014.623083,61.03277808
,126,3779,28,3860.8352,4122.034358,343.034358,261.1991577,81.83520025
,127,3807,10,4049.258127,4206.750984,399.7509838,157.492857,242.2581268
,128,3837,16,4077.052078,4611.304827,774.3048269,534.2527492,240.0520777
,129,3864,24,3925.073726,4590.269186,726.2691859,665.19546,61.07372594
,130,3896,0,4181.805878,4694.111451,798.1114511,512.3055729,285.8058782
,131,3925,33,4346.683531,4930.507134,1005.507134,583.8236035,421.6835306
,132,3956,21,4047.021975,4178.877957,222.8779574,131.855982,91.02197537
,133,3987,5,4473.072011,5501.6346,1514.6346,1028.562589,486.0720111
,134,4023,11,4139.503219,4870.126241,847.1262407,730.6230218,116.5032188
,135,4054,14,4582.851586,4926.887921,872.8879213,344.0363353,528.851586
,136,4079,6,4161.134037,4417.853728,338.8537283,256.7196915,82.13403679
,137,4112,20,4500.434036,5112.964851,1000.964851,612.5308156,388.4340356
,138,4139,28,4403.643156,5094.750239,955.7502388,691.1070829,264.643156
,139,4167,19,4311.810221,4944.37089,777.3708897,632.560669,144.8102206
,140,4209,13,4434.62358,4620.553675,411.5536747,185.9300944,225.6235803
,141,4243,2,4256.892444,4751.997483,508.9974833,495.1050394,13.89244399
,142,4263,10,4419.310588,4896.64171,633.6417102,477.331122,156.3105883
,143,4296,7,4458.800491,4817.611026,521.6110264,358.810535,162.8004914
,144,4327,21,4556.192059,4767.383915,440.3839151,211.1918559,229.1920592
,145,4348,17,4437.185201,4602.895792,254.8957917,165.7105911,89.18520057
,146,4377,34,4471.339811,4690.795957,313.7959573,219.456146,94.33981132
,147,4421,6,4712.156315,5486.712963,1065.712963,774.5566474,291.1563154
,148,4455,9,5024.572647,5586.72654,1131.72654,562.1538935,569.5726468
,149,4482,23,5093.310069,5401.467496,919.4674959,308.1574273,611.3100686
,150,4510,32,4883.048254,5093.656896,583.656896,210.6086418,373.0482543
,151,4542,8,4757.406592,4928.008468,386.008468,170.6018757,215.4065923
,152,4567,12,4998.056841,5359.826104,792.8261043,361.7692635,431.0568408
,153,4593,4,5024.324704,5632.509708,1039.509708,608.1850047,431.3247037
,154,4625,25,4737.871608,5489.225719,864.2257194,751.3541109,112.8716085
,155,4652,29,4883.205536,5187.406128,535.406128,304.2005917,231.2055363
,156,4684,16,4839.206314,5368.252626,684.2526261,529.0463118,155.2063143
,157,4718,26,4833.974135,5737.912739,1019.912739,903.9386041,115.974135
,158,4746,17,4955.0598,5104.545585,358.5455853,149.4857853,209.0598001
,159,4774,2,4902.082005,5869.586527,1095.586527,967.504522,128.082005
,160,4800,24,4914.72576,5669.537657,869.5376571,754.8118971,114.72576
,161,4826,27,5037.910358,5257.022202,431.022202,219.1118436,211.9103584
,162,4862,21,5196.053888,5824.108026,962.1080257,628.0541378,334.0538879
,163,4890,7,5156.176633,5898.34912,1008.34912,742.1724867,266.1766331
,164,4923,13,5108.930094,5355.395102,432.395102,246.4650077,185.9300944
,165,4957,34,5130.358011,5489.59331,532.59331,359.2352989,173.3580111
,166,4987,14,5262.307101,5363.203087,376.2030873,100.895986,275.3071013
,167,5015,33,5080.764732,5320.474974,305.4749739,239.7102418,65.76473219
,168,5044,3,5379.657564,5549.083063,505.0830634,169.4254999,335.6575636
,169,5075,8,5199.823876,5404.178959,329.178959,204.3550831,124.8238759
,170,5093,1,5125.015621,5245.518733,152.5187332,120.503112,32.01562119
,171,5117,0,5499.686556,6130.172083,1013.172083,630.4855272,382.6865558
,172,5149,11,5618.965956,6104.321496,955.321496,485.3555398,469.9659562
,173,5176,32,5279.812331,5478.52066,302.5206596,198.708329,103.8123307
,174,5205,20,5602.156141,6221.650289,1016.650289,619.4941485,397.1561406
,175,5240,10,5351.865991,5555.050636,315.0506363,203.1846451,111.8659913
,176,5266,19,5438.58621,6209.136663,943.1366629,770.5504526,172.5862103
,177,5303,27,5727.745806,6432.752189,1129.752189,705.0063829,424.7458063
,178,5334,29,6008.000742,6884.157121,1550.157121,876.1563787,674.0007418
,179,5356,17,5518.631485,6161.403607,805.4036066,642.7721214,162.6314853
,180,5399,12,5491.655275,5716.299438,317.2994381,224.6441631,92.65527508
,181,5425,13,5458.301652,5730.920433,305.9204331,272.6187815,33.30165161
,182,5455,8,5593.92444,5931.937753,476.9377532,338.0133133,138.9244399
,183,5484,16,5566.462113,5679.267254,195.2672542,112.8051417,82.46211251
,184,5519,25,5810.34344,6028.868038,509.8680381,218.5245982,291.3434399
,185,5547,33,5663.726175,6127.196778,580.1967785,463.4706032,116.7261753
,186,5580,14,5779.719804,6481.464059,901.4640591,701.7442554,199.7198037
,187,5614,23,5837.807953,6125.7958,511.7958004,287.987847,223.8079534
,188,5657,15,5720.890531,6807.948947,1150.948947,1087.058416,63.89053138
,189,5681,34,5822.852036,5976.452166,295.4521658,153.6001302,141.8520356
,190,5710,9,5807.943861,6021.908812,311.9088119,213.9649504,97.94386147
,191,5734,6,5801.535176,6130.808619,396.8086186,329.2734426,67.53517602
,192,5765,16,5877.805142,6133.605845,368.6058454,255.8007037,112.8051417
,193,5803,12,6085.063823,6280.19711,477.1971103,195.1332878,282.0638226
,194,5829,32,5926.744565,6538.549272,709.5492725,611.8047074,97.74456507
,195,5860,21,6070.069036,6895.869254,1035.869254,825.800218,210.0690363
,196,5882,5,5983.242284,6485.911161,603.9111608,502.6688771,101.2422837
,197,5915,3,6137.948425,6788.004576,873.0045759,650.0561514,222.9484245
,198,5937,2,6093.339374,6660.099465,723.0994648,566.7600903,156.3393744
,199,5972,10,6017.694639,6521.683726,549.6837258,503.9890872,45.69463864
,200,6002,4,6292,6719.739407,717.7394066,427.7394066,290
,201,6035,7,6158.065023,7142.224563,1107.224563,984.1595399,123.0650235
,202,6074,18,6427.012748,7202.415869,1128.415869,775.403121,353.0127476
,203,6095,26,6233.361844,6869.028424,774.0284237,635.6665793,138.3618445
,204,6123,13,6227.67569,6844.393615,721.3936154,616.7179258,104.6756896
,205,6149,9,6396.420694,6487.420694,338.4206944,91,247.4206944
,206,6183,8,6411.484135,7012.254474,829.2544739,600.7703388,228.4841351
,207,6207,30,6435.280529,7129.065799,922.0657985,693.7852694,228.2805292
,208,6222,6,6441.718001,7030.704419,808.7044186,588.9864175,219.7180011
,209,6249,20,6348,7025.974926,776.9749258,677.9749258,99
,210,6284,34,6374,6612.365266,328.3652659,238.3652659,90
,211,6319,33,6403.852814,7254.862214,935.8622144,851.0094007,84.85281374
,212,6348,16,6676.402192,7136.332622,788.332622,459.9304295,328.4021924
,213,6374,1,6419.177428,7202.677907,828.6779066,783.5004786,45.17742799
,214,6412,12,6743.887029,7045.384956,633.384956,301.497927,331.887029
,215,6452,25,6720.119376,7426.315525,974.3155248,706.1961484,268.1193764
,216,6481,19,6899.960619,7363.388067,882.3880671,463.4274485,418.9606187
,217,6516,0,6672.543924,7522.073794,1006.073794,849.52987,156.5439235
,218,6554,5,6693.603009,7119.224906,565.2249065,425.6218979,139.6030086
,219,6589,27,6779.75901,6992.937339,403.9373394,213.1783291,190.7590103
,220,6623,17,6731.461975,7364.273163,741.2731632,632.8111883,108.4619749
,221,6653,9,6751.478424,7412.389916,759.3899158,660.9114918,98.47842403
,222,6687,14,6972.954542,7572.450997,885.4509972,599.4964554,285.9545418
,223,6712,10,7078.938687,7809.883281,1097.883281,730.9445943,366.938687
,224,6739,23,6938.331382,7470.98981,731.9898095,532.6584271,199.3313824
,225,6777,34,7268.232124,7593.618049,816.6180491,325.3859247,491.2321244
,226,6801,22,7546.067111,7993.86729,1192.86729,447.8001787,745.0671111
,227,6826,32,7256.16276,7616.176649,790.1766485,360.0138886,430.1627599
,228,6855,11,6941.579443,7589.74686,734.7468599,648.1674166,86.57944329
,229,6890,26,7511.93006,8131.647738,1241.647738,619.7176777,621.9300604
,230,6919,24,7087.860889,7461.526515,542.5265154,373.6656259,168.8608895
,231,6951,29,7099.165448,7644.843925,693.8439248,545.6784768,148.1654481
,232,6974,21,7570.799799,8214.371862,1240.371862,643.5720628,596.7997989
,233,7000,31,7129.711218,7320.805435,320.8054353,191.0942176,129.7112177
,234,7040,20,7317.346354,8007.732478,967.7324777,690.3861238,277.3463539
,235,7071,13,7247.853046,7523.833118,452.8331181,275.9800717,176.8530463
,236,7094,12,7357.92802,7823.307436,729.3074356,465.3794151,263.9280205
,237,7121,2,7242.24768,7559.877969,438.8779686,317.6302882,121.2476804
,238,7157,6,7374.79348,8164.17615,1007.17615,789.3826702,217.7934802
,239,7186,15,7349.232962,7642.751275,456.7512752,293.5183129,163.2329624
,240,7221,27,7374.652205,7649.80489,428.8048896,275.1526849,153.6522047
,241,7244,28,7460.411645,7882.312107,638.312107,421.9004622,216.4116448
,242,7286,30,7432.577624,7575.101307,289.1013067,142.5236822,146.5776245
,243,7317,33,7502.15399,7929.261705,612.2617047,427.1077148,185.15399
,244,7354,7,7462.245092,8028.966364,674.9663641,566.7212719,108.2450923
,245,7383,19,7461.447435,8115.591914,732.5919141,654.1444795,78.44743463
,246,7417,5,7583.652333,7633.652333,216.6523327,50,166.6523327
,247,7450,3,7705.906233,8575.049489,1125.049489,869.1432563,255.9062328
,248,7475,18,7658.095603,8216.490625,741.4906249,558.3950215,183.0956034
,249,7505,9,7698.041446,8558.183876,1053.183876,860.1424301,193.0414463
,250,7530,8,7633.585713,8320.171469,790.1714691,686.5857558,103.5857133
,251,7557,24,7936.581348,8489.042207,932.0422067,552.4608583,379.5813483
,252,7585,30,7782.850954,8320.770093,735.7700929,537.9191389,197.850954
,253,7624,2,7721.621719,8360.822,736.8220005,639.2002816,97.62171889
,254,7666,34,7784.296238,8437.345241,771.3452411,653.0490028,118.2962383
,255,7698,14,7947.755881,8357.470416,659.4704156,409.7145348,249.7558808
,256,7720,23,7796.485293,8122.499096,402.4990961,326.0138034,76.4852927
,257,7754,29,7967.114992,8447.125409,693.125409,480.0104166,213.1149924
,258,7777,25,7863.683332,8703.028314,926.0283144,839.3449827,86.68333173
,259,7802,5,8124.442243,8461.17062,659.1706201,336.7283772,322.4422429
,260,7827,10,8084.188647,8366.658114,539.6581141,282.4694674,257.1886467
,261,7855,1,7876.095023,8107.993708,252.9937079,231.8986848,21.09502311
,262,7887,15,8066.412932,8533.525338,646.5253377,467.1124062,179.4129315
,263,7914,28,8314.604543,8908.908338,994.9083375,594.3037944,400.6045432
,264,7943,12,7984.593269,8707.268853,764.2688529,722.6755842,41.59326869
,265,7974,32,8245.503223,8541.611311,567.6113112,296.1080884,271.5032228
,266,8012,11,8333.161953,8569.384306,557.3843058,236.2223529,321.1619529
,267,8046,17,8274.324331,8770.505749,724.5057492,496.1814184,228.3243307
,268,8077,13,8119.011903,8357.850761,280.8507609,238.8388578,42.01190308
,269,8096,7,8266.414201,8778.277464,682.2774643,511.863263,170.4142013
,270,8124,20,8302.361991,8942.362773,818.3627727,640.0007812,178.3619915
,271,8150,16,8308.61904,8583.155013,433.1550126,274.5359721,158.6190405
,272,8187,27,8310.987903,8470.302058,283.3020577,159.3141551,123.9879026
,273,8216,33,8344.097619,8643.286523,427.2865226,299.1889035,128.097619
,274,8250,21,8399.405489,9342.876209,1092.876209,943.4707203,149.4054885
,275,8273,6,8576.713681,9271.561146,998.5611462,694.8474653,303.713681
,276,8305,18,8426.741529,8958.419063,653.4190633,531.6775338,121.7415295
,277,8342,1,8414.062473,8844.747973,502.747973,430.6855001,72.0624729
,278,8384,30,8696.054482,9317.151898,933.1518983,621.0974159,312.0544824
,279,8416,26,8953.239239,9904.998137,1488.998137,951.758898,537.2392391
,280,8453,14,8667.462118,9259.835311,806.835311,592.3731932,214.4621179
,281,8485,29,8765.349782,8958.895642,473.8956417,193.5458602,280.3497815
,282,8515,22,8583,8766.809684,251.8096842,183.8096842,68
,283,8548,27,8849.219189,9363.468156,815.4681562,514.2489669,301.2191893
,284,8577,15,8691.978259,9035.442959,458.4429586,343.4646998,114.9782588
,285,8608,10,9006.322733,9563.775871,955.7758705,557.453137,398.3227335
,286,8644,2,8664.59126,9046.596496,402.5964958,382.0052356,20.59126028
,287,8685,33,8742.008771,9078.83662,393.8366205,336.8278492,57.00877125
,288,8716,25,9009.155249,9910.918522,1194.918522,901.7632727,293.155249
,289,8750,9,8875.483067,9767.694925,1017.694925,892.2118582,125.4830666
,290,8779,8,8964.283566,9212.567678,433.5676779,248.2841115,185.2835665
,291,8804,24,9065.078532,9303.030208,499.030208,237.9516758,261.0785322
,292,8841,34,8900.236813,9484.182016,643.1820158,583.9452029,59.23681288
,293,8872,13,9514.066975,10307.23341,1435.233414,793.166439,642.0669747
,294,8909,0,9105.229458,9954.691052,1045.691052,849.4615942,196.2294575
,295,8942,32,9226.859615,9311.883141,369.8831407,85.02352616,284.8596145
,296,8973,18,9051.549348,9611.053592,638.0535924,559.5042448,78.54934755
,297,9007,1,9037.413813,9270.913277,263.9132773,233.4994647,30.41381265
,298,9049,12,9136.965902,10088.44896,1039.448955,951.4830529,87.96590248
,299,9083,29,9102.79899,9707.154018,624.154018,604.3550281,19.79898987
,300,9107,33,9267.153052,9379.425043,272.425043,112.2719912,160.1530518
,301,9128,23,9348.229426,9541.770119,413.7701192,193.5406934,220.2294258
,302,9157,15,9432.056358,10070.43321,913.4332058,638.376848,275.0563579
,303,9194,17,9334.91132,9549.585491,355.5854913,214.6741717,140.9113196
,304,9214,2,9390.002841,10075.3181,861.3180968,685.3152559,176.0028409
,305,9247,8,9368.334249,9606.655461,359.6554609,238.3212118,121.3342491
,306,9280,6,9482.200396,9859.64973,579.64973,377.4493343,202.2003956
,307,9308,24,9558.798724,10491.76925,1183.769249,932.9705247,250.7987241
,308,9348,14,9412,10107.46675,759.4667497,695.4667497,64
,309,9378,16,9482.388697,10230.59321,852.5932142,748.2045175,104.3886967
,310,9401,32,9621.056811,10299.65537,898.6553667,678.5985558,220.0568108
,311,9426,1,9651.89378,10125.13156,699.1315641,473.2377838,225.8937803
,312,9453,27,9661.117755,9743.797862,290.7978616,82.68010643,208.1177551
,313,9480,11,9525.188494,9991.755745,511.7557454,466.5672513,45.18849411
,314,9508,30,9722.009346,9887.60222,379.6022198,165.5928742,214.0093456
,315,9532,21,9840.058436,10592.08237,1060.082372,752.0239358,308.058436
,316,9560,23,9702.442971,10479.74664,919.746644,777.303673,142.442971
,317,9595,34,9786.668985,10556.26693,961.2669325,769.597947,191.6689855
,318,9625,10,9852.771816,10317.58361,692.5836055,464.8117899,227.7718156
,319,9652,5,10046.21441,10622.74628,970.7462812,576.5318725,394.2144087
,320,9683,18,9982.482888,10409.09981,726.0998118,426.6169242,299.4828877
,321,9717,33,9842.419297,10387.12839,670.1283934,544.7090967,125.4192968
,322,9737,8,10012.13633,10162.36948,425.369482,150.2331521,275.1363298
,323,9763,19,9868.080921,10453.60803,690.6080341,585.527113,105.0809212
,324,9788,17,9974.65744,10133.19135,345.1913483,158.533908,186.6574402
,325,9825,27,10126.39177,10356.41134,531.411336,230.0195644,301.3917716
,326,9856,22,9990.014925,11017.10109,1161.101094,1027.08617,134.0149245
,327,9880,6,10025.83552,10484.33961,604.3396132,458.5040894,145.8355238
,328,9910,20,10149.20702,10495.68935,585.6893461,346.4823228,239.2070233
,329,9940,4,10446.2529,11141.2011,1201.201101,694.9481995,506.2529012
,330,9973,9,10402.77436,11400.72927,1427.729268,997.9549088,429.7743594
,331,10012,30,10350.86428,10854.49113,842.4911256,503.626846,338.8642796
,332,10050,11,10565.66074,11174.97019,1124.970186,609.3094452,515.6607412
,333,10078,15,10221.28294,10603.29472,525.2947168,382.0117799,143.2829369
,334,10120,28,10291.5634,10815.31143,695.3114304,523.748031,171.5633994
,335,10148,1,10391.89547,10805.93049,657.9304921,414.0350227,243.8954694
,336,10174,7,10423.56963,10819.00357,645.0035684,395.4339389,249.5696296
,337,10208,14,10494.70019,10993.14778,785.1477819,498.44759,286.7001918
,338,10239,16,10347.75661,10518.60449,279.6044946,170.8478856,108.756609
,339,10268,17,10645,11053.10415,785.1041534,408.1041534,377
,340,10294,12,10693.3695,11067.25719,773.2571868,373.8876837,399.3695031
,341,10327,31,10454.28315,11151.83601,824.8360143,697.5528654,127.2831489
,342,10353,10,10440.98295,10869.92817,516.9281708,428.9452179,87.98295289
,343,10392,32,10618.24102,11436.98701,1044.987014,818.7459924,226.2410219
,344,10422,25,10946.2032,11363.51005,941.5100464,417.3068415,524.2032049
,345,10448,33,10547.31767,10924.38663,476.3866314,377.0689592,99.31767214
,346,10479,2,10620.35417,10963.72714,484.7271402,343.3729751,141.3541651
,347,10510,24,10522.20656,11175.79358,665.7935812,653.5870256,12.20655562
,348,10535,29,10738.74739,10919.90478,384.9047828,181.1573901,203.7473926
,349,10566,16,10684.25819,11001.35755,435.3575456,317.0993535,118.2581921
,350,10609,23,10648.35734,11106.0308,497.0308017,457.6734644,39.35733731
,351,10647,18,10732.61542,11103.84715,456.8471527,371.2317336,85.61541917
,352,10672,20,10916.2949,11835.85676,1163.856756,919.5618522,244.2949038
,353,10709,19,10801.22798,11449.83263,740.8326346,648.6046562,92.2279784
,354,10736,34,10835.08078,11518.23961,782.2396146,683.1588395,99.08077513
,355,10779,6,10863.21401,11608.73732,829.7373192,745.5233061,84.21401309
,356,10818,21,10918.56838,11511.90556,693.905557,593.3371723,100.5683847
,357,10840,8,11014.63104,11293.23111,453.2311114,278.6000718,174.6310396
,358,10863,30,10920.00877,11404.80151,541.8015105,484.7927392,57.00877125
,359,10890,1,11024.41726,11184.41726,294.4172608,160,134.4172608
,360,10918,26,11182.00758,11515.08114,597.0811411,333.0735654,264.0075756
,361,10951,13,11091.91842,11914.80176,963.8017614,822.8833453,140.9184161
,362,10976,7,11024.75449,12078.19267,1102.192667,1053.43818,48.75448697
,363,11009,10,11090.3941,11365.19767,356.1976692,274.8035662,81.39410298
,364,11031,14,11249.66184,11599.99454,568.9945384,350.332699,218.6618394
,365,11063,15,11317.55844,11986.32223,923.3222261,668.7637849,254.5584412
,366,11102,29,11163.29437,11685.41409,583.4140898,522.1197181,61.29437168
,367,11127,17,11263.85394,11412.78681,285.7868075,148.9328708,136.8539367
,368,11153,0,11368.35552,11553.07152,400.0715182,184.7159982,215.35552
,369,11179,4,11195.55295,11459.85769,280.8576937,264.3047483,16.55294536
,370,11212,18,11355.65584,11811.28837,599.2883661,455.6325274,143.6558387
,371,11251,33,11538.20028,11883.88511,632.8851061,345.6848276,287.2002786
,372,11275,31,11417.27087,12228.37444,953.3744376,811.1035692,142.2708684
,373,11308,8,11561.66316,11941.96041,633.9604146,380.2972522,253.6631625
,374,11338,28,11604.5952,11844.83883,506.8388251,240.2436263,266.5951988
,375,11364,2,11707.37298,12038.71268,674.7126799,331.3397048,343.3729751
,376,11393,12,11677.69282,12057.4954,664.4953972,379.8025803,284.6928169
,377,11423,17,11680.49757,12584.97201,1161.972006,904.474433,257.4975728
,378,11448,10,11563.00435,12409.45695,961.4569454,846.4525976,115.0043477
,379,11485,9,11623.351,11894.94261,409.9426081,271.5916052,138.3510029
,380,11515,25,11796.5848,12045.82364,530.823642,249.2388413,281.5848007
,381,11554,23,11571.20465,11912.52122,358.5212191,341.3165686,17.20465053
,382,11585,5,11690.68822,12300.66609,715.6660892,609.9778685,105.6882207
,383,11608,19,11625.46425,12355.54438,747.5443818,730.0801326,17.4642492
,384,11642,4,11755.37107,12519.38154,877.3815433,764.0104711,113.3710721
,385,11676,16,11761.37564,12420.15102,744.1510196,658.775379,85.37564055
,386,11695,29,11952.44902,12195.21846,500.218462,242.7694379,257.4490241
,387,11724,27,11917.68531,12504.69127,780.6912743,587.0059625,193.6853118
,388,11754,22,11983.8282,12688.83103,934.8310336,705.0028369,229.8281967
,389,11791,34,12047.56188,12314.9081,523.9081009,267.3462175,256.5618834
,390,11815,24,12137.12575,12261.75721,446.7572085,124.6314567,322.1257518
,391,11844,11,12014.46114,12789.35726,945.3572613,774.8961221,170.4611393
,392,11881,32,12166.66064,12848.82777,967.8277728,682.1671349,285.6606378
,393,11913,6,12071.68522,12187.11919,274.1191868,115.4339638,158.685223
,394,11935,1,12038.01942,12718.12088,783.1208787,680.101463,103.0194156
,395,11966,8,12372.89679,12901.99508,935.9950824,529.0982895,406.8967928
,396,11997,18,12060.97656,12438.89851,441.8985078,377.9219496,63.97655821
,397,12029,9,12146.88978,12928.4907,899.4907002,781.6009212,117.889779
,398,12055,25,12236.22086,12959.32044,904.3204379,723.0995782,181.2208597
,399,12082,15,12189.48953,12611.70393,529.7039349,422.2144005,107.4895344
,400,12115,23,12427.02884,12953.99469,838.9946881,526.9658433,312.0288448
,401,12157,28,12604.00112,12896.86628,739.8662753,292.8651567,447.0011186
,402,12187,13,12249.24147,12520.77415,333.7741521,271.5326868,62.24146528
,403,12211,26,12313.88343,12784.94287,573.9428734,471.0594442,102.8834292
,404,12242,12,12323.78631,13015.11691,773.116908,691.3306011,81.78630692
,405,12270,29,12501.82105,12567.58578,297.5857839,65.76473219,231.8210517
,406,12304,31,12517.21585,13249.47059,945.4705902,732.2547371,213.2158531
,407,12327,24,12509.93715,12824.44311,497.4431095,314.5059618,182.9371477
,408,12362,19,12835.42581,13126.11637,764.1163697,290.6905571,473.4258126
,409,12390,34,12907.25816,13424.47861,1034.478612,517.2204559,517.258156
,410,12414,30,12543.09686,13107.44162,693.4416156,564.3447528,129.0968629
,411,12449,16,12544.03683,13080.4145,631.4145004,536.3776655,95.03683496
,412,12472,3,12548.40026,13329.22034,857.2203435,780.8200817,76.40026178
,413,12502,33,12650.85228,13604.1046,1102.104603,953.2523276,148.8522758
,414,12537,18,12784.07286,13851.89776,1314.897756,1067.824892,247.0728637
,415,12565,5,12659.51455,12908.99401,343.9940072,249.4794581,94.51454914
,416,12594,14,12808.02103,13046.8557,452.8556979,238.8346708,214.021027
,417,12621,29,12686.76473,13174.23371,553.2337056,487.4689734,65.76473219
,418,12654,7,13000.15748,13352.61315,698.6131496,352.455671,346.1574786
,419,12681,21,12877.75874,13087.96102,406.961019,210.2022835,196.7587355
,420,12710,10,12765.02727,13570.62766,860.6276632,805.6003972,55.02726597
,421,12737,13,12844.42439,13192.46175,455.4617463,348.0373543,107.424392
,422,12755,27,12857,13234.40429,479.4042925,377.4042925,102
,423,12792,2,12924.31024,13884.31024,1092.310241,960,132.3102415
,424,12815,6,13130.12855,13596.40421,781.4042147,466.2756695,315.1285452
,425,12851,0,12969.06778,13462.34762,611.3476166,493.2798394,118.0677771
,426,12876,11,13119.28584,13237.49328,361.4932849,118.2074448,243.2858401
,427,12903,4,12973.45566,13933.76915,1030.76915,960.3134905,70.45565982
,428,12930,1,13100.85667,13361.596,431.5959985,260.7393334,170.8566651
,429,12957,28,13034.98718,13198.5017,241.5017038,163.5145253,77.98717843
,430,12993,23,13217.29445,13299.30055,306.3005467,82.00609733,224.2944493
,431,13020,25,13358.86871,14013.86947,993.8694695,655.0007634,338.8687061
,432,13048,9,13222.54226,13852.83901,804.839014,630.2967555,174.5422585
,433,13086,14,13335.55961,13928.72485,842.7248505,593.1652384,249.5596121
,434,13115,5,13357.03306,13651.67861,536.6786054,294.6455498,242.0330556
,435,13147,19,13333.01075,13624.53948,477.5394817,291.5287293,186.0107524
,436,13171,30,13265.11164,13466.03948,295.0394836,200.9278477,94.11163584
,437,13200,16,13418.24757,13667.50446,467.5044614,249.2568956,218.2475659
,438,13234,22,13629.60713,14480.40264,1246.402638,850.7955101,395.6071283
,439,13268,20,13425.49603,14270.17171,1002.171709,844.6756774,157.4960317
,440,13292,27,13458.92813,13758.90979,466.9097944,299.9816661,166.9281282
,441,13316,12,13400.38602,13468.41542,152.4154232,68.02940541,84.3860178
,442,13343,3,13551.6001,13839.5237,496.5236969,287.923601,208.6000959
,443,13368,17,13392.04163,13912.08971,544.0897053,520.0480747,24.04163056
,444,13400,24,13644.85914,14377.20059,977.2005936,732.3414504,244.8591432
,445,13423,11,13633.85777,14579.34442,1156.344419,945.4866472,210.857772
,446,13443,8,13515.23573,14294.55915,851.5591497,779.3234245,72.23572523
,447,13476,7,13680.97073,14046.95707,570.9570682,365.9863385,204.9707296
,448,13511,26,13546,14056.29893,545.298932,510.298932,35
,449,13536,32,13787.64459,14454.05287,918.0528739,666.4082833,251.6445906
,450,13562,12,13678.36151,13916.25434,354.2543387,237.892833,116.3615057
,451,13601,6,13953.82999,15001.77846,1400.778459,1047.948472,352.8299874
,452,13632,10,13927.05423,14784.03031,1152.030311,856.976079,295.0542323
,453,13661,29,13866.99272,14394.63369,733.6336947,527.6409764,205.9927183
,454,13689,16,13779.04999,14472.98442,783.9844211,693.9344349,90.04998612
,455,13720,23,14014.71512,14790.3555,1070.355497,775.6403806,294.7151167
,456,13752,19,13942.09471,14711.43859,959.4385895,769.3438763,190.0947132
,457,13777,27,13847.3278,14149.52807,372.5280686,302.2002647,70.32780389
,458,13802,0,13891.06739,14138.06739,336.0673902,247,89.06739022
,459,13837,5,14135.56323,14430.57001,593.5700057,295.0067796,298.5632261
,460,13876,21,13942.21933,14840.03112,964.0311168,897.8117843,66.21933252
,461,13906,9,14191.32963,14806.61656,900.6165589,615.2869249,285.3296339
,462,13935,15,14122.88294,14715.89643,780.8964329,593.0134906,187.8829423
,463,13966,12,14134.40428,14605.14093,639.1409322,470.7366567,168.4042755
,464,13984,14,14361.92195,15206.69707,1222.697068,844.775118,377.9219496
,465,14009,30,14207.92712,14663.95563,654.9556302,456.0285079,198.9271223
,466,14044,13,14152.22661,15124.91156,1080.911558,972.6849439,108.2266141
,467,14074,25,14133.03389,14907.1353,833.1353031,774.1014145,59.03388857
,468,14103,4,14234.50285,14860.34948,757.3494783,625.8466266,131.5028517
,469,14130,28,14210.62258,14683.84557,553.8455693,473.2229918,80.62257748
,470,14165,1,14237.02777,14661.90423,496.9042251,424.8764526,72.02777242
,471,14187,3,14474.9236,15140.5977,953.5976954,665.6740944,287.923601
,472,14226,17,14681.37787,15090.38276,864.382755,409.0048899,455.3778651
,473,14257,7,14440.60011,14736.06246,479.0624585,295.4623495,183.6001089
,474,14290,27,14706.3292,15005.8655,715.865505,299.5363083,416.3291967
,475,14327,33,14599.00735,14823.41101,496.411007,224.4036542,272.0073528
,476,14357,20,14470.07077,15036.36575,679.3657504,566.2949761,113.0707743
,477,14377,0,14838.45964,15417.12189,1040.121891,578.6622504,461.4596407
,478,14412,8,14724.5012,15261.6092,849.6091966,537.1079966,312.5012
,479,14441,26,14616.26266,15267.26573,826.2657322,651.0030722,175.26266
,480,14468,5,14667.985,14816.64569,348.6456869,148.6606875,199.9849994
,481,14501,16,14549.38388,15165.7685,664.7685018,616.3846202,48.38388161
,482,14539,22,14653.06139,15206.27925,667.2792464,553.2178594,114.061387
,483,14573,24,14873.4663,15355.23907,782.2390723,481.772768,300.4663043
,484,14605,2,14667.58594,15275.88274,670.8827435,608.2968026,62.58594091
,485,14638,32,14856.74186,15744.75087,1106.750866,888.009009,218.741857
,486,14666,29,14747.41253,15053.49258,387.4925846,306.0800549,81.41252975
,487,14701,30,14879.6309,15652.12103,951.1210338,772.4901294,178.6309044
,488,14737,34,14978.05186,15305.09009,568.0900857,327.0382241,241.0518616
,489,14774,19,14958.3936,15455.43283,681.4328346,497.0392339,184.3936008
,490,14808,18,14960.39751,16012.06523,1204.06523,1051.667723,152.3975065
,491,14836,7,14944.97706,15403.83761,567.8376071,458.8605453,108.9770618
,492,14859,15,14968.8954,15609.43658,750.4365823,640.5411774,109.8954048
,493,14894,9,15036.04225,15634.86192,740.8619196,598.8196724,142.0422472
,494,14921,12,14997.1643,15314.65603,393.6560283,317.4917322,76.1642961
,495,14945,1,15030.42248,15750.52317,805.5231669,720.1006874,85.42247948
,496,14965,4,15293.25752,15756.19272,791.1927215,462.9352006,328.2575209
,497,15005,5,15325.07655,15811.65234,806.6523439,486.5757906,320.0765533
,498,15034,31,15173.70326,15476.39782,442.3978225,302.6945655,139.7032569
,499,15067,29,15138.02816,15577.68371,510.6837104,439.655547,71.02816343
,500,15087,27,15228.9049,15603.83156,516.8315572,374.9266595,141.9048977
,501,15107,28,15229.26201,15661.18099,554.1809876,431.9189739,122.2620137
,502,15142,6,15336.87945,16229.74058,1087.740581,892.8611314,194.8794499
,503,15171,10,15309.17742,15886.19129,715.1912868,577.0138647,138.1774222
,504,15202,13,15302.62306,15463.2126,261.2125979,160.5895389,100.623059
,505,15230,17,15385.76906,16038.35545,808.3554526,652.5863927,155.7690598
,506,15252,3,15346.92102,15774.68731,522.6873111,427.7662913,94.9210198
,507,15283,8,15395.80514,15697.06251,414.0625068,301.2573651,112.8051417
,508,15314,20,15462.09794,15767.54515,453.5451537,305.4472131,148.0979406
,509,15336,11,15525.51781,16357.25455,1021.254546,831.7367372,189.5178092
,510,15367,24,15422,16308.4474,941.447404,886.447404,55
,511,15395,12,15663.28716,16383.48852,988.4885203,720.2013607,268.2871596
,512,15426,14,15699.0586,16143.01919,717.0191856,443.9605838,273.0586018
,513,15454,34,15802.31164,16468.54659,1014.546586,666.2349435,348.3116421
,514,15483,13,15617.18271,16334.23919,851.2391944,717.0564831,134.1827113
,515,15509,23,15661.06906,15974.77275,465.7727451,313.7036818,152.0690633
,516,15535,16,15635.88112,15910.79383,375.7938316,274.9127134,100.8811182
,517,15572,33,15823.31056,16698.49969,1126.499687,875.1891224,251.3105648
,518,15612,29,15855.77243,16521.016,909.0159993,665.2435644,243.7724349
,519,15644,7,15753.12836,16068.13471,424.1347139,315.0063491,109.1283648
,520,15675,9,15735.82763,15802.94692,127.9469221,67.11929678,60.8276253
,521,15702,26,15783.05554,16205.35875,503.3587451,422.3032086,81.05553652
,522,15726,28,15953.24656,16538.38672,812.3867163,585.1401542,227.2465621
,523,15755,22,15949.20093,16285.63666,530.6366563,336.4357294,194.2009269
,524,15778,27,15869.21403,16448.22181,670.221806,579.007772,91.21403401
,525,15811,30,15972.98765,16498.48266,687.4826586,525.4950047,161.9876539
,526,15843,3,15957.56003,16534.60162,691.6016209,577.041593,114.5600279
,527,15880,4,16005,17138.78393,1258.78393,1133.78393,125
,528,15915,10,16063.4318,16397.05584,482.0558424,333.6240399,148.4318025
,529,15944,19,16103.22625,16745.18108,801.1810812,641.9548271,159.2262541
,530,15963,9,16112.33519,16551.06632,588.0663184,438.731125,149.3351934
,531,15988,16,16138.56228,16851.19472,863.1947233,712.6324438,150.5622795
,532,16017,18,16224.76188,16408.98186,391.9818601,184.2199772,207.7618829
,533,16052,5,16195.78108,17014.92332,962.9233179,819.1422343,143.7810836
,534,16078,21,16679,17772.03705,1694.037053,1093.037053,601
,535,16105,8,16367.68041,16559.93545,454.9354531,192.2550389,262.6804142
,536,16133,20,16556.85847,17538.63237,1405.632372,981.7739047,423.8584669
,537,16168,23,16265.04638,16744.03072,576.0307228,478.9843421,97.04638066
,538,16198,14,16607.57539,16782.68964,584.6896383,175.1142484,409.5753899
,539,16226,26,16426.24235,16814.16116,588.1611591,387.9188059,200.2423532
,540,16260,6,16834.5694,17721.56433,1461.564331,886.9949267,574.569404
,541,16289,22,16735.28466,17465.13465,1176.134647,729.8499846,446.2846625
,542,16322,24,16549.70595,16909.74067,587.7406713,360.0347205,227.7059507
,543,16358,0,16943.5681,17610.76897,1252.76897,667.2008693,585.5681002
,544,16387,11,16594.80038,17329.0769,942.0768997,734.2765147,207.800385
,545,16415,15,16749.96418,16912.07833,497.0783345,162.1141573,334.9641772
,546,16453,10,16559.04244,16920.65688,467.6568799,361.6144356,106.0424443
,547,16488,7,16522.20526,16677.63049,189.6304859,155.4252232,34.20526275
,548,16516,34,16541.07987,16899.48746,383.4874616,358.4075892,25.07987241
,549,16551,18,16735.21998,16856.81356,305.8135626,121.5935854,184.2199772
,550,16582,9,16642.41523,17301.29306,719.2930638,658.8778339,60.41522987
,551,16619,30,16940.25379,17602.76794,983.7679445,662.5141508,321.2537938
,552,16643,8,16677.20526,17370.82475,727.824755,693.6194922,34.20526275
,553,16671,13,16816.9863,17224.83431,553.8343116,407.8480109,145.9863007
,554,16701,33,16858.54682,16959.7891,258.7891021,101.2422837,157.5468184
,555,16725,28,16835.81967,17301.11528,576.1152783,465.295605,110.8196733
,556,16757,12,16897.6165,17479.83725,722.8372483,582.2207485,140.6164997
,557,16789,14,16960.33009,17363.60667,574.6066708,403.27658,171.3300908
,558,16814,3,17264.06888,17365.42469,551.4246925,101.3558089,450.0688836
,559,16852,23,17172.03125,17575.23839,723.2383913,403.2071428,320.0312485
,560,16884,32,16898.31782,17315.48206,431.4820573,417.1642362,14.31782106
,561,16916,17,17033.09825,17317.03662,401.0366229,283.9383736,117.0982493
,562,16945,18,17204.83456,17870.51391,925.513915,665.6793522,259.8345628
,563,16983,26,17345.73682,17857.41836,874.4183608,511.6815416,362.7368192
,564,17015,7,17161.8741,17610.63795,595.6379535,448.7638577,146.8740957
,565,17044,1,17138.00532,17635.36837,591.3683655,497.3630465,94.005319
,566,17081,33,17417.38222,17718.50844,637.5084425,301.1262194,336.3822231
,567,17119,10,17578.15684,18141.36195,1022.36195,563.2051136,459.156836
,568,17133,24,17220.20665,17813.18641,680.1864147,592.9797636,87.20665112
,569,17160,27,17483.50116,18053.6108,893.6107978,570.1096386,323.5011592
,570,17188,19,17905.86489,18242.87082,1054.870824,337.0059347,717.8648898
,571,17218,29,17499.22055,17581.76145,363.761453,82.54089895,281.220554
,572,17244,13,17297.23533,17486.19299,242.1929938,188.9576672,53.23532662
,573,17284,16,17630.79389,17868.71194,584.71194,237.9180531,346.7938869
,574,17308,15,17544.63051,18418.11205,1110.112053,873.4815396,236.6305137
,575,17334,28,17487.94155,18096.05996,762.0599569,608.1184095,153.9415473
,576,17355,11,17445.24965,18135.2656,780.2655956,690.0159418,90.24965374
,577,17386,3,17455.83552,17624.55126,238.5512583,168.7157373,69.83552105
,578,17415,31,17637.52416,18117.3262,702.3261985,479.8020425,222.524156
,579,17449,17,17589.87228,17849.10963,400.1096256,259.237343,140.8722826
,580,17475,9,17815.37626,17940.37626,465.3762624,125,340.3762624
,581,17501,8,17926.83682,18744.46082,1243.46082,817.6239967,425.8368232
,582,17542,4,17840.11743,18172.14152,630.141522,332.0240955,298.1174265
,583,17572,13,17943.20614,18665.26016,1093.260157,722.0540146,371.2061422
,584,17601,20,17966.03424,18966.46315,1365.463153,1000.428908,365.034245
,585,17631,34,18001.40113,18227.71949,596.7194937,226.3183598,370.4011339
,586,17672,3,18114.38558,18773.43414,1101.434135,659.0485566,442.3855784
,587,17698,23,17847.26487,18033.60058,335.6005838,186.3357185,149.2648653
,588,17728,1,17839.12605,18171.40606,443.406057,332.2800024,111.1260546
,589,17760,7,17813.85165,18558.9456,798.9456019,745.0939538,53.85164807
,590,17784,29,17907.71338,18372.36916,588.369165,464.6557866,123.7133784
,591,17818,12,17975.54364,18164.33189,346.3318859,188.7882412,157.5436447
,592,17859,24,18114.15681,18486.30867,627.3086653,372.1518507,255.1568145
,593,17895,6,17913.68154,18213.72987,318.7298711,300.0483294,18.68154169
,594,17916,18,18092.23847,18619.90693,703.9069313,527.6684565,176.2384748
,595,17940,33,18291.98011,18825.88366,885.8836624,533.9035493,351.9801131
,596,17968,9,18532.54318,18880.97538,912.975381,348.4322029,564.5431782
,597,18002,0,18085.38465,18443.37906,441.3790642,357.9944134,83.38465087
,598,18035,23,18758.38233,19355.60005,1320.600049,597.2177157,723.3823332
,599,18063,27,18361.32868,18968.15402,905.1540234,606.8253455,298.3286778
,600,18085,17,18568.92148,19246.39989,1161.399894,677.4784129,483.9214812
,601,18119,31,18367.6966,19056.59282,937.5928209,688.8962186,248.6966023
,602,18151,22,18764.38161,19456.88504,1305.88504,692.5034296,613.3816104
,603,18182,4,18483.00166,19084.04908,902.0490802,601.0474191,301.0016611
,604,18217,26,18266.09175,19429.77771,1212.777705,1163.685954,49.09175083
,605,18248,12,18411.85664,18787.35099,539.3509855,375.4943408,163.8566447
,606,18276,28,18373.49872,18792.17879,516.1787867,418.6800688,97.49871794
,607,18310,6,18360.24938,18720.87384,410.8738365,360.6244584,50.24937811
,608,18339,19,18567.21919,18831.68091,492.6809103,264.4617175,228.2191929
,609,18359,11,18563.61183,19023.62922,664.6292186,460.017391,204.6118276
,610,18387,1,18602.95601,18886.8803,499.8802997,283.9242857,215.956014
,611,18421,25,18491.17834,18909.60516,488.6051598,418.4268156,70.17834424
,612,18454,0,18587.68994,19160.48397,706.4839691,572.7940293,133.6899398
,613,18483,29,18703.05681,19460.72494,977.724944,757.6681332,220.0568108
,614,18504,14,18869.42167,19440.13526,936.1352626,570.7135884,365.4216742
,615,18535,34,19186.7768,19792.94015,1257.940147,606.1633443,651.7768023
,616,18558,24,19350.51057,20025.75053,1467.750525,675.2399573,792.5105678
,617,18582,7,18981.37076,19837.46713,1255.467128,856.0963731,399.3707551
,618,18610,5,19088.67421,19531.65051,921.650508,442.9762973,478.6742107
,619,18641,21,18819.01685,19643.73802,1002.738018,824.721165,178.0168531
,620,18678,2,19129.71673,19748.8403,1070.840299,619.1235741,451.7167254
,621,18705,18,19135.2476,19264.56891,559.5689084,129.3213053,430.2476031
,622,18727,13,18850.76187,19845.26325,1118.263251,994.5013826,123.7618681
,623,18765,15,18898.19535,19887.01333,1122.013326,988.8179812,133.1953453
,624,18787,6,19197.03049,19277.55998,490.5599844,80.5294977,410.0304867
,625,18823,28,18932.65856,19439.61024,616.6102352,506.9516742,109.658561
,626,18846,10,18929.38465,19260.86768,414.8676821,331.4830312,83.38465087
,627,18870,19,19063.3727,19334.34133,464.34133,270.9686329,193.3726971
,628,18911,33,19035.0645,19238.22453,327.2245348,203.1600354,124.0644994
,629,18956,8,19108.75143,19703.66739,747.6673925,594.9159605,152.7514321
,630,18982,9,19149.72,19611.65615,629.6561475,461.9361428,167.7200048
,631,19012,12,19343.73031,19778.98886,766.988856,435.2585439,331.7303122
,632,19034,25,19297.54696,20184.81749,1150.817493,887.2705337,263.5469598
,633,19062,20,19209.0034,19449.21164,387.2116443,240.208243,147.0034013
,634,19087,31,19470.8854,20024.91879,937.9187921,554.0333925,383.8853996
,635,19112,16,19324.94131,19591.23626,479.2362557,266.2949493,212.9413065
,636,19146,27,19577.49044,19836.18911,690.1891066,258.6986664,431.4904402
,637,19174,4,19647.06765,20128.24329,954.243292,481.1756436,473.0676484
,638,19214,1,19582.40874,19720.49929,506.4992904,138.09055,368.4087404
,639,19253,3,19820.41167,20391.86595,1138.865952,571.4542851,567.4116671
,640,19291,0,19404.29607,19632.16007,341.1600668,227.8639945,113.2960723
,641,19324,18,19466.80056,20065.91407,741.914072,599.1135118,142.8005602
,642,19364,19,19634.96863,20207.8386,843.8386007,572.8699678,270.9686329
,643,19398,33,19496.0816,19987.43178,589.4317793,491.3501806,98.08159868
,644,19416,30,19635.73848,20027.96546,611.965456,392.2269751,219.7384809
,645,19444,26,19729.72714,20657.36177,1213.361769,927.6346263,285.7271426
,646,19471,6,19778.40202,20216.8641,745.8641019,438.462085,307.4020169
,647,19496,23,19631.14807,19864.60898,368.6089844,233.4609175,135.1480669
,648,19532,22,19617.98256,20422.25428,890.2542766,804.2717203,85.98255637
,649,19558,17,19660.88343,19782.97356,224.9735598,122.0901306,102.8834292
,650,19595,14,19754.81552,19926.08139,331.0813938,171.2658752,159.8155186
,651,19623,10,20167.71736,20883.72853,1260.728531,716.0111731,544.7173579
,652,19657,11,19901.49949,20216.65818,559.6581789,315.1586902,244.4994888
,653,19676,21,19947.01476,20572.03476,896.0347594,625.0199997,271.0147597
,654,19709,16,19756.04253,20063.74531,354.7453126,307.7027787,47.04253395
,655,19735,1,20151.79251,20604.71414,869.7141411,452.9216268,416.7925143
,656,19767,8,19947.42727,20519.93928,752.9392793,572.5120086,180.4272707
,657,19791,20,19898.87029,20765.92104,974.9210407,867.0507482,107.8702925
,658,19814,9,19882.44706,20523.40338,709.4033766,640.9563168,68.44705983
,659,19839,12,20071.43279,20344.18542,505.1854212,272.7526352,232.432786
,660,19868,2,20041.58859,20599.11348,731.1134814,557.5248873,173.5885941
,661,19894,15,20016.67437,20253.07445,359.0744503,236.4000846,122.6743657
,662,19912,28,20139.11451,20906.92243,994.9224273,767.8079187,227.1145086
,663,19945,34,20089.83784,20210.78824,265.7882434,120.9504031,144.8378404
,664,19976,29,20053.12976,20274.67208,298.6720818,221.542321,77.12976079
,665,20002,14,20155,20329.07182,327.0718243,174.0718243,153
,666,20034,17,20343.00647,20779.6127,745.6127023,436.6062299,309.0064724
,667,20070,31,20246.87566,20408.96206,338.9620593,162.0863967,176.8756625
,668,20097,23,20193.02604,20687.64205,590.6420508,494.6160127,96.02603814
,669,20124,33,20363.17567,21096.34004,972.3400421,733.1643745,239.1756677
,670,20145,27,20260.10864,21146.69141,1001.69141,886.5827655,115.1086443
,671,20170,0,20279.07795,21005.0876,835.0875956,726.0096418,109.0779538
,672,20204,5,20440.98523,20830.29231,626.2923083,389.3070767,236.9852316
,673,20234,24,20352.68024,20481.75774,247.7577388,129.0774961,118.6802427
,674,20267,11,20405.29317,20993.74367,726.7436745,588.4505077,138.2931669
,675,20301,29,20480.10891,21234.49077,933.4907716,754.3818662,179.1089054
,676,20336,30,20743.29596,21057.31029,721.3102921,314.0143309,407.2959612
,677,20368,4,20566.57996,21304.78386,936.7838601,738.2039014,198.5799587
,678,20392,14,20548.84706,20943.19843,551.1984254,394.3513662,156.8470593
,679,20424,34,20452.42534,21088.32235,664.322345,635.8970042,28.42534081
,680,20446,31,20838.02041,21384.86956,938.8695642,546.8491565,392.0204076
,681,20483,13,20613.38788,20713.61263,230.6126303,100.2247474,130.3878829
,682,20506,24,20600.92102,21019.60706,513.6070597,418.6860399,94.9210198
,683,20537,12,20988.27818,21500.88817,963.8881729,512.6099882,451.2781847
,684,20555,16,20709.25952,21078.3503,523.3502963,369.0907747,154.2595216
,685,20579,15,20771.89894,21231.68693,652.6869319,459.7879946,192.8989373
,686,20603,9,20749.15403,21154.27747,551.2774663,405.123438,146.1540283
,687,20633,3,20745.37882,21175.55321,542.5532069,430.1743832,112.3788236
,688,20664,32,21081.16424,21862.00545,1198.005449,780.8412131,417.1642362
,689,20697,26,20797.20978,21251.74251,554.7425071,454.5327271,100.20978
,690,20733,13,20890.0796,21727.47676,994.4767555,837.3971579,157.0795977
,691,20759,2,20959.04,21347.48433,588.4843292,388.4443332,200.039996
,692,20787,17,21071.94561,21558.43713,771.4371298,486.491521,284.9456088
,693,20823,23,21255.7817,21833.33256,1010.332564,577.5508636,432.7817002
,694,20852,21,21223.57099,21841.61063,989.6106319,618.0396427,371.5709892
,695,20881,19,20981.26465,21071.53646,190.5364616,90.27181177,100.2646498
,696,20918,5,21134.36312,21564.66069,646.6606922,430.2975715,216.3631207
,697,20951,6,21036.32878,21241.97896,290.9789643,205.6501884,85.32877592
,698,20989,7,21053.32729,21720.63981,731.6398086,667.3125205,64.32728814
,699,21019,28,21337.06446,22145.33731,1126.337309,808.27285,318.0644589
,700,21048,1,21227.61069,21867.98636,819.9863611,640.375671,179.6106901
,701,21083,14,21229.49232,21546.41818,463.4181795,316.9258588,146.4923206
,702,21112,19,21215.58571,21864.70897,752.7089682,649.1232549,103.5857133
,703,21153,0,21274.65525,21672.5761,519.576097,397.9208464,121.6552506
,704,21190,24,21338.47559,21663.66169,473.6616878,325.1861006,148.4755872
,705,21214,33,21334.20815,21751.37958,537.3795804,417.1714276,120.2081528
,706,21247,34,21349.4207,22041.28268,794.2826815,691.8619805,102.420701
,707,21267,15,21419.50574,21888.38099,621.3809875,468.8752499,152.5057376
,708,21302,16,21560.99035,21690.06397,388.0639697,129.0736224,258.9903473
,709,21334,4,21354.61553,21706.3896,372.3896034,351.7740752,20.61552813
,710,21370,30,21431.09828,21973.96659,603.9665896,542.8683082,61.09828148
,711,21404,26,21824.05952,22572.99543,1168.995431,748.9359118,420.0595196
,712,21433,9,21661.12277,22027.2061,594.2060978,366.0833238,228.122774
,713,21466,10,21746.81489,22363.95425,897.954254,617.1393684,280.8148856
,714,21504,12,21542.01316,21681.73073,177.7307279,139.7175723,38.01315562
,715,21526,29,21808.21446,22258.32555,732.3255549,450.1110974,282.2144575
,716,21550,14,21727.0226,22275.71012,725.7101223,548.6875249,177.0225974
,717,21574,18,21792.49027,22114.04276,540.0427584,321.5524841,218.4902744
,718,21604,17,21792.16216,21980.66415,376.6641535,188.5019894,188.1621641
,719,21630,22,21826.1632,22550.66095,920.6609544,724.4977571,196.1631974
,720,21666,24,22016.24135,22217.35077,551.3507683,201.109423,350.2413454
,721,21704,0,21821.17508,22286.13207,582.1320699,464.9569873,117.1750827
,722,21732,4,21793.7171,21954.30664,222.3066354,160.5895389,61.7170965
,723,21765,33,21842.38863,22827.78601,1062.786011,985.3973818,77.38862966
,724,21791,31,21851.92618,22702.01853,911.0185328,850.0923479,60.92618485
,725,21822,13,21927.15227,22292.88031,470.8803116,365.728041,105.1522705
,726,21852,7,22225.96524,22858.1187,1006.118701,632.1534624,373.965239
,727,21878,5,22029.84532,22814.97779,936.9777889,785.1324729,151.845316
,728,21900,15,21968.35934,22137.37118,237.3711785,169.0118339,68.35934464
,729,21924,20,22203.02867,22649.53623,725.5362311,446.5075587,279.0286724
,730,21953,16,22001.8467,22032.65254,79.65254257,30.8058436,48.84669897
,731,21985,30,22078.08598,22671.06575,686.0657453,592.9797636,93.08598176
,732,22013,21,22087.72617,22939.49139,926.4913926,851.7652259,74.72616677
,733,22036,19,22147.82576,22785.78892,749.7889224,637.9631651,111.8257573
,734,22063,17,22255.65773,22815.18074,752.1807387,559.5230111,192.6577276
,735,22091,4,22392.31047,22948.13508,857.1350837,555.8246126,301.3104711
,736,22122,18,22263.98944,22675.60333,553.603333,411.6138968,141.9894362
,737,22158,15,22226.593,22829.68586,671.6858644,603.0928618,68.59300256
,738,22183,32,22378.92345,22671.833,488.8329968,292.9095424,195.9234544
,739,22207,25,22389.38695,22653.2695,446.2695009,263.8825496,182.3869513
,740,22242,28,22300.60034,23018.66998,776.6699758,718.0696345,58.6003413
,741,22277,23,22332.00909,23024.23232,747.23232,692.2232299,55.00909016
,742,22315,16,22512.85095,22755.05748,440.0574774,242.2065234,197.850954
,743,22347,24,22554.18349,23516.1757,1169.175697,961.9922037,207.1834936
,744,22374,0,22611.18558,23045.6899,671.6898966,434.5043153,237.1855813
,745,22397,34,22495.0816,22865.38148,468.3814772,370.2998785,98.08159868
,746,22422,13,22483.7414,22731.5175,309.5175048,247.7761086,61.74139616
,747,22455,12,22859.10147,23088.3437,633.3437024,229.24223,404.1014724
,748,22491,11,22567.6942,23187.49094,696.4909388,619.7967409,76.69419796
,749,22524,6,22835.54614,23271.58513,747.5851333,436.0389891,311.5461443
,750,22555,9,22700.04137,23017.65749,462.6574939,317.6161205,145.0413734
,751,22585,26,22879.5522,23092.91106,507.9110551,213.3588526,294.5522025
,752,22603,22,22715.80514,22905.58659,302.586595,189.7814533,112.8051417
,753,22642,27,23156.06809,23539.53908,897.5390787,383.4709898,514.0680889
,754,22671,25,23000.29622,23472.52604,801.5260362,472.2298169,329.2962192
,755,22702,8,22820.40608,23148.21395,446.2139515,327.8078706,118.4060809
,756,22739,1,22790.08816,23340.40171,601.4017061,550.313547,51.0881591
,757,22769,32,23077.60006,23314.13547,545.1354744,236.5354096,308.6000648
,758,22795,30,23031.31547,23734.05582,939.0558175,702.7403503,236.3154671
,759,22836,17,22943.07007,23169.4547,333.454699,226.3846285,107.0700705
,760,22865,10,23120.86324,23500.11646,635.1164583,379.2532136,255.8632447
,761,22898,18,22980.76473,23307.85034,409.8503425,327.0856157,82.76472679
,762,22928,14,23092.14932,23895.38528,967.3852776,803.2359554,164.1493223
,763,22957,5,23145.67962,23543.70726,586.7072599,398.0276372,188.6796226
,764,22990,22,23286,23998.89901,1008.899011,712.8990111,296
,765,23020,20,23225.40691,23377.22588,357.2258844,151.8189711,205.4069132
,766,23048,15,23089.34005,23834.47159,786.4715852,745.131532,41.34005322
,767,23075,33,23135.87693,23228.8823,153.8823012,93.00537619,60.87692502
,768,23104,34,23203.47864,23295.67409,191.6740855,92.19544457,99.47864092
,769,23139,9,23444.91502,24278.54144,1139.541436,833.6264151,305.9150209
,770,23163,8,23233.5762,23981.07871,818.0787083,747.5025084,70.57619995
,771,23190,23,23287.58074,24243.73606,1053.736058,956.1553221,97.5807358
,772,23220,0,23302.37718,24243.30863,1023.308635,940.9314534,82.37718131
,773,23255,4,23343.39118,23533.6778,278.6778019,190.2866259,88.39117603
,774,23283,12,23515.71012,24275.82064,992.8206384,760.1105183,232.7101201
,775,23308,6,23565.85655,24148.80852,840.8085198,582.9519706,257.8565493
,776,23326,11,23383.68882,23448.31853,122.3185349,64.62971453,57.68882041
,777,23351,18,23529.19371,24439.90552,1088.905524,910.7118095,178.1937148
,778,23376,26,23591.6154,23834.11076,458.1107591,242.4953608,215.6153983
,779,23408,7,23477.63476,24108.62525,700.6252526,630.9904912,69.63476143
,780,23432,20,23471.21734,24159.31981,727.3198064,688.1024633,39.2173431
,781,23464,1,23918.35669,24445.39464,981.3946374,527.0379493,454.3566881
,782,23486,21,23691.35092,24348.54267,862.542672,657.1917528,205.3509192
,783,23519,32,23687.67128,24591.76917,1072.769171,904.0978929,168.6712779
,784,23555,25,23757.67462,24378.67059,823.6705903,620.9959742,202.6746161
,785,23581,10,23746.55966,23989.96261,408.962615,243.4029581,165.5596569
,786,23612,19,23672.10824,24458.60681,846.6068053,786.4985696,60.10823571
,787,23647,5,23798.79592,23910.04788,263.0478819,111.2519663,151.7959156
,788,23669,4,23753.71718,24114.92903,445.9290257,361.2118492,84.71717653
,789,23694,33,23947.07114,24360.45715,666.4571544,413.3860181,253.0711362
,790,23728,27,24042.07006,24280.47308,552.473076,238.4030201,314.0700559
,791,23754,11,23986.38115,24453.85308,699.8530767,467.4719243,232.3811524
,792,23789,13,23949.3122,24284.06733,495.0673298,334.7551344,160.3121954
,793,23819,31,23998.33488,24172.23428,353.2342785,173.8993962,179.3348823
,794,23847,3,24029.01099,24824.27761,977.2776106,795.266622,182.0109887
,795,23875,30,24011.35982,24635.91166,760.9116574,624.5518393,136.3598181
,796,23905,17,24131.38463,24628.69339,723.6933857,497.3087572,226.3846285
,797,23938,5,23986.01042,24700.49275,762.4927456,714.4823301,48.01041554
,798,23967,26,24458.00407,24635.18195,668.18195,177.1778767,491.0040733
,799,24002,22,24101.04544,24769.95874,767.9587419,668.9132978,99.04544412
,800,24042,8,24080.0526,24781.61728,739.617275,701.5646798,38.05259518
,801,24071,34,24283.24985,25301.59017,1230.590169,1018.340316,212.2498528
,802,24088,10,24211.54756,25156.26392,1068.263921,944.7163595,123.5475617
,803,24117,16,24548.5113,24903.02646,786.0264595,354.5151619,431.5112977
,804,24147,4,24619.03813,24957.40037,810.400366,338.3622319,472.0381341
,805,24173,7,24266.00538,24802.65517,629.6551689,536.6497927,93.00537619
,806,24217,20,24551.01347,24829.33882,612.338822,278.3253492,334.0134728
,807,24253,14,24419.30093,25051.35156,798.3515629,632.0506309,166.300932
,808,24277,0,24452,25129.92109,852.9210869,677.9210869,175
,809,24311,27,24629.44623,25488.14583,1177.145826,858.6995982,318.4462278
,810,24345,12,24649.13977,24757.1444,412.1444,108.0046295,304.1397705
,811,24375,9,24601.43321,25363.84058,988.8405845,762.4073714,226.4332131
,812,24412,33,24513.789,24860.7645,448.7645009,346.9755035,101.7889974
,813,24434,23,24649.69655,24892.04547,458.0454681,242.348922,215.6965461
,814,24460,18,24689.21824,25555.17897,1095.178975,865.9607381,229.2182366
,815,24484,21,24661.56407,25100.43649,616.4364918,438.8724188,177.5640729
,816,24516,6,24654.70833,25146.77032,630.770315,492.061988,138.7083271
,817,24552,25,24890.17895,25608.66764,1056.667638,718.4886916,338.1789467
,818,24568,11,24770.80039,25263.87747,695.8774676,493.0770731,202.8003945
,819,24602,19,24999.72352,25439.36201,837.3620099,439.6384879,397.7235221
,820,24622,15,24873.77172,25584.63387,962.6338746,710.8621526,251.771722
,821,24657,26,24773.50322,25571.48192,914.4819153,797.9786965,116.5032188
,822,24687,1,24858.29215,25411.05973,724.0597304,552.7675823,171.2921481
,823,24719,30,24837.6086,24925.06716,206.0671616,87.45856162,118.6086
,824,24749,5,25095.09247,25569.73971,820.7397106,474.6472374,346.0924732
,825,24776,12,24948.10462,25439.29196,663.2919563,491.187337,172.1046193
,826,24802,22,24990.60541,25642.8201,840.8200968,652.2146886,188.6054082
,827,24825,7,25222.8266,25546.13759,721.1375912,323.3109958,397.8265954
,828,24854,31,24965.94642,25781.49838,927.4983761,815.5519603,111.9464158
,829,24894,20,25200.89738,25951.38055,1057.380555,750.4831777,306.897377
,830,24934,16,25215.08718,26065.19893,1131.198932,850.1117574,281.0871751
,831,24957,13,25124.96726,25468.78407,511.7840704,343.8168117,167.9672587
,832,24987,8,25108.03718,25537.55086,550.5508628,429.5136785,121.0371844
,833,25019,30,25192.90802,25728.19486,709.1948607,535.286839,173.9080217
,834,25051,33,25404.99011,26133.30323,1082.303232,728.3131195,353.9901129
,835,25074,32,25200.90942,25731.95555,657.9555539,531.0461374,126.9094165
,836,25102,4,25200.0051,25884.36831,782.3683096,684.3632077,98.00510191
,837,25131,23,25378.89111,25511.26935,380.2693511,132.3782459,247.8911051
,838,25158,0,25327.99412,25843.67619,685.6761901,515.6820726,169.9941175
,839,25182,2,25453.67076,26137.01547,955.015472,683.3447154,271.6707566
,840,25209,6,25259.69517,25688.89209,479.8920919,429.1969245,50.69516742
,841,25231,14,25275.92215,26262.62576,1031.625758,986.7036029,44.92215489
,842,25258,29,25683.68181,26019.86777,761.8677665,336.1859604,425.681806
,843,25289,21,25538.48347,25929.1918,640.1917975,390.7083311,249.4834664
,844,25320,34,25387.89698,26178.96019,858.9601894,791.0632086,67.89698079
,845,25348,3,25568.22943,25968.91134,620.9113446,400.6819187,220.2294258
,846,25376,11,25765.51252,26591.01842,1215.018421,825.5059055,389.5125158
,847,25414,1,25935.72215,26782.93936,1368.939358,847.2172095,521.7221483
,848,25447,19,25877.84684,26108.9334,661.9334044,231.0865639,430.8468405
,849,25481,13,25818.34997,26372.23172,891.231723,553.8817563,337.3499667
,850,25513,23,25830.8443,26569.45381,1056.453806,738.6095044,317.8443015
,851,25546,12,25561.52417,25768.62318,222.6231848,207.0990101,15.5241747
,852,25578,8,25904.08741,26037.41783,459.4178282,133.3304166,326.0874116
,853,25601,5,25862.53585,26415.74196,814.7419583,553.2061099,261.5358484
,854,25636,15,25660.16609,26060.83678,424.8367797,400.6706877,24.16609195
,855,25670,7,25975.37354,26811.09239,1141.092394,835.7188522,305.3735417
,856,25694,6,25823.20139,26197.43795,503.4379494,374.2365562,129.2013932
,857,25731,22,25870.0899,25927.40482,196.4048185,57.31491952,139.089899
,858,25770,27,25946.07101,26297.1408,527.140802,351.0697936,176.0710084
,859,25802,32,26018.89859,26358.93536,556.9353565,340.0367627,216.8985938
,860,25827,9,25848,26236.17135,409.1713539,388.1713539,21
,861,25859,0,26075.39085,26427.03414,568.0341352,351.6432852,216.3908501
,862,25880,31,26304.40075,26701.26975,821.26975,396.868996,424.400754
,863,25910,25,26028.10588,26356.13027,446.130274,328.0243893,118.1058847
,864,25939,22,26289.54529,27047.03852,1108.038524,757.4932343,350.5452895
,865,25970,26,26235.09244,27068.88678,1098.886776,833.7943392,265.0924367
,866,25995,30,26300.94934,26909.10228,914.1022835,608.1529413,305.9493422
,867,26037,29,26294.00584,26751.59299,714.5929867,457.5871502,257.0058365
,868,26074,15,26264.90574,27038.31378,964.3137783,773.4080424,190.9057359
,869,26109,19,26291.09887,26805.58697,696.5869693,514.4880951,182.0988742
,870,26138,18,26343.9126,26786.02232,648.0223177,442.1097149,205.9126028
,871,26164,2,26249.14693,26456.18558,292.1855756,207.0386437,85.14693183
,872,26184,34,26513.52845,27091.7784,907.7783969,578.249946,329.528451
,873,26220,3,26278.89822,27063.4108,843.4108048,784.5125875,58.89821729
,874,26252,12,26282.08322,26477.81773,225.817732,195.7345141,30.08321791
,875,26280,24,26359.81228,26722.04563,442.04563,362.2333502,79.81227976
,876,26306,16,26609.4238,27605.82181,1299.821809,996.3980128,303.423796
,877,26338,27,26571.98504,26815.83746,477.8374566,243.8524144,233.9850423
,878,26370,25,26559.67868,27286.58582,916.5858224,726.9071468,189.6786757
,879,26397,21,26516,27454.94622,1057.946218,938.9462178,119
,880,26425,5,26720.97973,26809.57995,384.5799548,88.60022573,295.979729
,881,26451,14,26700.97,27354.179,903.179,653.2090018,249.9699982
,882,26488,8,26587,27209.08199,721.0819882,622.0819882,99
,883,26517,32,26816.29417,27199.80427,682.8042738,383.5101042,299.2941697
,884,26546,13,26602.35601,27352.9964,806.9964045,750.6403933,56.35601121
,885,26571,33,26759.66372,27481.00969,910.0096862,721.3459642,188.663722
,886,26592,23,26684.64988,27594.85974,1002.859744,910.2098659,92.64987858
,887,26622,6,26723.82338,27383.89913,761.8991297,660.0757532,101.8233765
,888,26642,20,26978.122,27372.377,730.3769953,394.2549936,336.1220017
,889,26671,9,27088.04316,27906.27113,1235.271127,818.2279633,417.0431632
,890,26707,4,26816.8954,27027.50405,320.5040466,210.6086418,109.8954048
,891,26725,2,26957.1422,27701.90323,976.9032333,744.7610355,232.1421978
,892,26759,12,26803.91102,27542.45689,783.4568917,738.5458686,44.91102315
,893,26790,11,26899.78616,27274.75949,484.7594882,374.9733324,109.7861558
,894,26812,1,26925.17243,27919.78995,1107.789949,994.6175144,113.1724348
,895,26842,7,26941.08582,27303.22392,461.2239166,362.1380952,99.08582139
,896,26872,5,26992.30378,27735.94079,863.9407904,743.6370082,120.3037822
,897,26902,19,27002.2846,27201.53569,299.5356929,199.2510979,100.284595
,898,26930,27,27345.55024,28057.46175,1127.461749,711.9115114,415.5502376
,899,26949,29,27640.93714,28083.76103,1134.761029,442.8238928,691.9371359
,900,26979,24,27156.55281,27487.09479,508.0947882,330.5419792,177.552809
,901,27009,18,27690.47267,28106.67575,1097.675745,416.2030754,681.47267
,902,27027,28,27681.0925,28406.89275,1379.892749,725.800248,654.0925011
,903,27057,4,27668.57256,27972.60217,915.602167,304.0296038,611.5725632
,904,27090,30,27389.40775,27661.73843,571.7384301,272.3306813,299.4077487
,905,27116,26,27263.08501,28339.30525,1223.305247,1076.220238,147.0850094
,906,27152,34,27453.7615,28415.28113,1263.281126,961.5196306,301.7614952
,907,27186,15,27592.38898,27714.1921,528.1920961,121.8031198,406.3889762
,908,27208,3,27448.6512,27702.25325,494.2532503,253.6020505,240.6511999
,909,27238,0,27481.13165,28246.40938,1008.409379,765.2777274,243.1316516
,910,27270,8,27521.88291,27977.92348,707.9234777,456.0405684,251.8829093
,911,27296,11,27414,27432.11077,136.1107703,18.11077028,118
,912,27310,19,27564.56826,28092.70934,782.7093416,528.1410796,254.568262
,913,27334,25,27405.69379,28273.06684,939.0668388,867.3730455,71.69379332
,914,27366,7,27671.27692,28041.47282,675.4728176,370.1958941,305.2769235
,915,27391,32,27456.00769,27990.55891,599.5589055,534.5512136,65.00769185
,916,27424,31,27688.18933,28046.13485,622.1348526,357.9455266,264.1893261
,917,27458,11,27944.05452,28865.87067,1407.870666,921.8161422,486.0545237
,918,27491,6,27800.0453,28427.96648,936.9664775,627.9211734,309.0453041
,919,27521,14,27693.02616,27857.22117,336.2211668,164.195006,172.0261608
,920,27542,21,27713.04678,28196.19582,654.1958226,483.1490453,171.0467772
,921,27575,20,27758.08741,28150.5081,575.5081034,392.4206926,183.0874108
,922,27609,33,27894.67114,27909.70444,300.704436,15.03329638,285.6711396
,923,27638,17,28114.94234,28350.19965,712.1996505,235.2573059,476.9423445
,924,27676,13,27791.06954,28159.4715,483.4714986,368.4019544,115.0695442
,925,27714,16,27850.12494,28725.93771,1011.937708,875.8127654,136.1249426
,926,27736,23,28018.17193,28531.90046,795.9004609,513.7285275,282.1719334
,927,27768,12,28120.11504,28422.67247,654.6724706,302.5574326,352.115038
,928,27795,24,27875.75271,28778.54227,983.5422747,902.7895657,80.75270893
,929,27825,15,27912.93179,28291.33502,466.3350158,378.4032241,87.93179175
,930,27855,30,28291.60165,29220.62802,1365.628021,929.0263721,436.6016491
,931,27888,3,27989.76935,28419.92281,531.922808,430.153461,101.7693471
,932,27913,33,27928.0333,28152.21626,239.2162574,224.182961,15.03329638
,933,27930,9,28388.3143,28617.41908,687.4190822,229.1047795,458.3143026
,934,27964,22,28563.21365,29511.46045,1547.460455,948.2468033,599.2136514
,935,27994,8,28145.52888,28910.67592,916.6759198,765.1470447,151.5288751
,936,28022,32,28329.48333,28858.41149,836.4114944,528.9281615,307.4833329
,937,28042,7,28719.27764,28997.70357,955.7035715,278.4259327,677.2776388
,938,28066,27,28314.94377,29055.09578,989.0957802,740.1520114,248.9437688
,939,28093,19,28212.43618,28807.80665,714.8066483,595.3704729,119.4361754
,940,28115,29,28150.8469,28242.93381,127.9338121,92.08691547,35.84689666
,941,28150,18,28519.62819,29230.79624,1080.796245,711.1680533,369.6281916
,942,28187,31,28606.34473,29242.79818,1055.798182,636.4534547,419.3447269
,943,28214,21,28852.9507,29271.98411,1057.984114,419.0334116,638.9507023
,944,28249,10,28850.12561,29274.716,1025.716002,424.5903908,601.1256108
,945,28287,25,28463.7088,28764.9811,477.9811021,301.2723021,176.7088
,946,28319,15,28412.19335,29247.92656,928.9265584,835.733211,93.1933474
,947,28354,29,28514.01562,28722.82175,368.8217544,208.8061302,160.0156242
,948,28383,0,28949.873,29322.71211,939.712109,372.8391074,566.8730017
,949,28407,13,28685.34152,29386.24522,979.2452192,700.9037024,278.3415168
,950,28441,4,28554.22985,29311.77127,870.7712727,757.541418,113.2298547
,951,28468,12,28580.89376,29306.42942,838.4294195,725.5356642,112.8937554
,952,28503,3,28695.27584,29271.34008,768.340076,576.0642325,192.2758435
,953,28533,20,28629.56604,29422.94489,889.9448898,793.3788502,96.56603958
,954,28575,33,28673.29039,28908.66243,333.662432,235.3720459,98.2903861
,955,28608,17,28717.12378,29125.45943,517.4594292,408.3356463,109.1237829
,956,28647,9,28736.02247,28970.85219,323.8521946,234.8297255,89.02246907
,957,28672,28,28957.04386,29630.72108,958.7210787,673.6772224,285.0438563
,958,28699,23,29126.59093,29740.37916,1041.379163,613.7882371,427.590926
,959,28727,16,28830.31021,29506.70063,779.7006323,676.3904198,103.3102125
,960,28757,29,29029.23703,29685.8861,928.8860982,656.6490691,272.2370291
,961,28781,25,29165.15752,29882.55838,1101.558384,717.4008642,384.1575198
,962,28814,19,28863.1935,29485.07773,671.0777291,621.8842336,49.1934955
,963,28838,6,29063.88714,29637.47671,799.4767145,573.5895745,225.88714
,964,28879,26,28910.7805,29507.95049,628.9504897,597.1699925,31.78049716
,965,28910,24,29269.61229,30011.85349,1101.853492,742.2412007,359.6122912
,966,28942,8,29588.62199,30057.89483,1115.894833,469.2728417,646.6219916
,967,28968,33,29477.00393,30024.13645,1056.136454,547.1325251,509.0039293
,968,29000,7,29142.62188,29874.81926,874.8192555,732.1973778,142.6218777
,969,29023,9,29345.14903,29566.00645,543.0064539,220.8574201,322.1490338
,970,29052,32,29643.04145,30867.19218,1815.19218,1224.150726,591.0414537
,971,29072,2,29909.27654,30738.6094,1666.609402,829.3328644,837.2765374
,972,29103,34,29247.01389,29351.03312,248.0331172,104.019229,144.0138882
,973,29137,1,29293.81837,29979.55957,842.5595711,685.7412048,156.8183663
,974,29165,27,29553.60391,30050.78496,885.784965,497.1810535,388.6039115
,975,29193,17,29837.29807,29897.29807,704.2980677,60,644.2980677
,976,29229,11,29782.16001,29916.62562,687.625622,134.465609,553.160013
,977,29261,30,29383.1147,29480.16108,219.1610808,97.04638066,122.1147002
,978,29287,18,29337.24938,29894.59487,607.5948724,557.3454943,50.24937811
,979,29314,21,29435.08262,29808.68267,494.68267,373.6000535,121.0826164
,980,29338,4,29549.58922,30385.265,1047.264999,835.6757744,211.5892247
,981,29367,15,29462.13149,29745.70335,378.7033483,283.5718604,95.13148795
,982,29395,10,29532.43726,29911.55729,516.5572922,379.1200338,137.4372584
,983,29418,31,29839.86846,29924.18335,506.1833489,84.31488599,421.8684629
,984,29440,0,29749.34285,30180.99665,740.9966483,431.6537965,309.3428519
,985,29471,12,29900.11653,30720.69682,1249.696817,820.5802825,429.1165343
,986,29502,13,29565.65532,29909.71636,407.7163629,344.0610411,63.65532185
,987,29531,26,29896.4723,30114.71986,583.719863,218.2475659,365.4722972
,988,29567,9,29674.85639,29984.39152,417.3915213,309.5351353,107.856386
,989,29600,20,30207.58621,30824.42087,1224.42087,616.8346618,607.5862079
,990,29628,19,29761.4054,30255.70288,627.7028785,494.2974813,133.4053972
,991,29660,16,29790.48372,30642.17967,982.1796706,851.6959551,130.4837155
,992,29695,6,29828.70116,30518.71928,823.719275,690.0181157,133.7011593
,993,29733,34,29928.25624,30516.31151,783.3115114,588.0552695,195.2562419
,994,29770,23,29867.09789,30820.47714,1050.477142,953.379253,97.09788875
,995,29796,29,30138.46168,30621.73075,825.7307529,483.2690762,342.4616767
,996,29824,22,30020.17339,30058.77391,234.7739108,38.60051813,196.1733927
,997,29852,21,30121.15052,30309.84339,457.8433877,188.6928721,269.1505155
,998,29876,14,30101.39743,30722.55522,846.5552167,621.1577899,225.3974268
,999,29906,25,29952.64762,30325.66906,419.6690623,373.0214471,46.64761516
,,,,,,,,
avg,,,,,,,506.8909694,217.918114