,Order Index,Order-in Time,Rider Index,Rider Arrives at Restaurant,Order Delivered Time,Waiting Time,DT,Time taken before delivery = t.riderReachesRestaurant - t.orderIn
average,,,,,,821.7894019,506.8909694,314.8984325
,0,42,22,111.0651866,460.2470876,418.2470876,349.181901,69.0651866
,1,75,5,136.5223537,375.6980213,300.6980213,239.1756677,61.52235366
,2,105,15,158.3666563,324.9619743,219.9619743,166.5953181,53.36665626
,3,137,13,206.6347614,930.2126771,793.2126771,723.5779156,69.63476143
,4,172,16,357.9516066,1095.41008,923.41008,737.4584734,185.9516066
,5,204,31,295.0933587,1124.637812,920.637812,829.5444533,91.0933587
,6,238,19,302.6606526,833.5514135,595.5514135,530.8907609,64.66065264
,7,267,8,356.4427191,746.7707862,479.7707862,390.3280671,89.4427191
,8,292,27,388.4209521,666.7247429,374.7247429,278.3037908,96.42095208
,9,319,9,423.1393297,729.5573449,410.5573449,306.4180151,104.1393297
,10,347,10,390.2897216,1306.676649,959.6766487,916.386927,43.28972164
,11,384,27,496.6099463,865.6736264,481.6736264,369.0636801,112.6099463
,12,414,7,529.5248891,1140.4275,726.4275,610.9026109,115.5248891
,13,440,9,538.2903861,1251.30371,811.30371,713.0133239,98.2903861
,14,466,23,572.7754653,1492.756443,1026.756443,919.9809781,106.7754653
,15,485,11,594.0183471,1321.052046,836.0520464,727.0336994,109.0183471
,16,506,15,733.1079039,1148.863842,642.8638419,415.755938,227.1079039
,17,529,5,616.2066511,962.2124314,433.2124314,346.0057803,87.20665112
,18,557,8,712.0290295,1043.885926,486.8859264,331.8568969,155.0290295
,19,596,29,737.7956276,971.9793162,375.9793162,234.1836886,141.7956276
,20,626,32,910.8385508,1322.785149,696.7851492,411.9465985,284.8385508
,21,665,18,743.7718224,1445.007874,780.0078739,701.2360516,78.77182237
,22,699,29,826.1416533,1289.951959,590.9519593,463.8103061,127.1416533
,23,733,19,882.2548157,1502.351582,769.3515823,620.0967666,149.2548157
,24,757,22,852.713113,1424.860821,667.8608212,572.1477082,95.713113
,25,786,20,810.5153013,1791.634051,1005.634051,981.1187492,24.51530134
,26,817,30,873,1798.142692,981.1426917,925.1426917,56
,27,854,11,1010.2466,1772.192792,918.1927923,761.9461923,156.2466
,28,890,32,1208.284464,1638.800433,748.8004335,430.5159695,318.284464
,29,929,18,1454.487393,2255.981622,1326.981622,801.4942295,525.4873928
,30,954,15,1071.643529,1786.811342,832.8113418,715.1678125,117.6435294
,31,984,7,1275.893816,1798.583973,814.5839731,522.6901568,291.8938163
,32,1024,34,1170.536685,1526.744489,502.7444893,356.2078045,146.5366848
,33,1061,20,1245.396312,1805.404348,744.404348,560.0080357,184.3963123
,34,1087,34,1319,1589.835744,502.8357436,270.8357436,232
,35,1122,12,1359.693079,1825.737069,703.7370688,466.0439893,237.6930794
,36,1159,12,1319.514797,2138.255904,979.2559036,818.7411068,160.5147968
,37,1188,9,1472.755455,2250.092576,1062.092576,777.3371212,284.7554549
,38,1215,30,1406.049732,1830.724902,615.7249017,424.67517,191.0497317
,39,1243,34,1520.713882,1723.124356,480.1243556,202.410474,277.7138815
,40,1280,10,1433.941547,2212.608357,932.6083567,778.6668094,153.9415473
,41,1308,23,1570.230814,1786.233129,478.2331292,216.0023148,262.2308144
,42,1327,19,1473.143469,2097.672892,770.6728917,624.5294228,146.1434689
,43,1356,26,1429.437048,2115.618511,759.6185108,686.1814629,73.43704787
,44,1384,26,1565.339461,2143.178539,759.1785386,577.8390779,181.3394607
,45,1425,14,1487.513998,1807.434301,382.434301,319.9203026,62.51399843
,46,1460,14,1945.907399,2667.954488,1207.954488,722.0470899,485.9073986
,47,1489,32,1666.628826,1681.39365,192.3936495,14.76482306,177.6288265
,48,1515,29,1649.059688,2069.593872,554.5938723,420.5341841,134.0596882
,49,1550,32,1720.003619,2190.469346,640.4693456,470.4657267,170.0036189
,50,1568,13,1601.42155,2794.346107,1226.346107,1192.924558,33.42154993
,51,1589,14,1668.170535,2136.351056,547.3510561,468.1805207,79.1705354
,52,1622,7,1821.461776,2552.320175,930.3201752,730.8583994,199.4617758
,53,1648,23,1854.632524,2301.54303,653.5430296,446.9105056,206.6325241
,54,1671,26,1796.299641,2217.136902,546.1369016,420.8372607,125.2996409
,55,1705,30,1858.674982,2094.269973,389.2699732,235.5949915,153.6749817
,56,1736,20,1893.303886,2000.918941,264.918941,107.6150547,157.3038863
,57,1763,22,1867.560987,2420.810479,657.8104786,553.2494916,104.560987
,58,1802,5,1948.400137,2672.334526,870.3345259,723.9343893,146.4001366
,59,1833,29,2004.944759,2430.566657,597.5666565,425.6218979,171.9447586
,60,1865,15,1949.344532,2170.000372,305.0003722,220.6558406,84.34453154
,61,1884,4,2002.08895,2966.628736,1082.628736,964.5397866,118.0889495
,62,1914,4,2598.878091,2727.194107,813.1941075,128.3160161,684.8780913
,63,1939,5,2122.698122,2884.036417,945.0364173,761.3382954,183.6981219
,64,1966,22,2071.380264,2245.807899,279.8078992,174.4276354,105.3802638
,65,1993,20,2306.78329,3134.750077,1141.750077,827.9667868,313.7832901
,66,2025,11,2097.718636,3143.827617,1118.827617,1046.108981,72.71863585
,67,2062,10,2173.004504,2607.619276,545.6192764,434.614772,111.0045044
,68,2080,30,2223.610585,2805.033838,725.0338383,581.4232537,143.6105846
,69,2109,15,2329.639978,3239.818532,1130.818532,910.1785539,220.6399782
,70,2134,31,2218.770278,2992.174441,858.1744412,773.4041634,84.77027781
,71,2159,31,2360.0199,2720.087949,561.0879486,360.0680491,201.0198995
,72,2195,19,2305.860272,2910.336906,715.3369055,604.4766331,110.8602724
,73,2222,27,2346.169239,2872.398277,650.3982769,526.2290376,124.1692393
,74,2250,27,2542.277266,2711.280224,461.2802242,169.0029586,292.2772656
,75,2290,23,2461.711968,3040.684334,750.6843336,578.9723655,171.7119681
,76,2317,4,2702.316753,3273.771038,956.771038,571.4542851,385.3167528
,77,2347,27,2592.717317,3613.376418,1266.376418,1020.659101,245.7173173
,78,2373,9,2491.228592,2774.07484,401.0748401,282.846248,118.2285921
,79,2396,22,2680.675254,3421.7994,1025.7994,741.1241461,284.6752536
,80,2423,14,2671.809164,3251.776404,828.7764043,579.9672405,248.8091638
,81,2453,10,2727.186068,3047.506221,594.5062206,320.3201523,274.1860682
,82,2473,2,2627.184954,2953.402673,480.4026726,326.2177187,154.1849539
,83,2505,2,2821.442728,3727.656831,1222.656831,906.2141027,316.4427278
,84,2544,2,3010.661548,3487.707667,943.707667,477.0461194,466.6615476
,85,2565,13,3180.05203,3947.130905,1382.130905,767.0788747,615.0520303
,86,2579,5,2741.249807,3062.256038,483.2560379,321.0062305,162.2498074
,87,2606,16,2683.414469,3603.685081,997.6850813,920.2706124,77.41446893
,88,2643,16,3423.812397,3722.56313,1079.56313,298.7507322,780.8123974
,89,2674,31,2842.344884,3384.939576,710.9395763,542.5946922,168.3448841
,90,2702,8,2845.055933,3012.918973,310.9189725,167.8630394,143.0559331
,91,2736,8,3519.3039,4110.753814,1374.753814,591.4499133,783.3039002
,92,2768,6,2989.35266,3886.308066,1118.308066,896.9554058,221.3526598
,93,2796,6,3326.347056,3802.070715,1006.070715,475.7236593,530.3470562
,94,2822,8,2852.88689,3275.556975,453.5569745,422.6700841,30.88689042
,95,2854,19,2981.094453,3655.881086,801.881086,674.7866329,127.0944531
,96,2886,6,3466.993115,3847.657009,961.657009,380.6638937,580.9931153
,97,2906,4,3038.219514,3470.390777,564.3907768,432.1712623,132.2195144
,98,2929,2,3127.861761,3867.293976,938.2939756,739.4322146,198.861761
,99,2962,30,3216.656632,4007.980838,1045.980838,791.3242066,254.6566316
,100,2992,26,3050.309519,3582.854353,590.8543527,532.5448338,58.30951895
,101,3019,23,3153.201341,3602.214704,583.2147041,449.0133628,134.2013413
,102,3053,16,3154.390335,3404.839931,351.8399306,250.4495957,101.3903348
,103,3074,26,3190.361506,3704.423759,630.4237587,514.062253,116.3615057
,104,3113,6,3466.544905,4152.176001,1039.176001,685.6310961,353.5449052
,105,3140,11,3363.430079,3470.448769,330.4487685,107.01869,223.4300785
,106,3179,22,3325.863883,3855.643082,676.6430818,529.7791993,146.8638826
,107,3205,33,3248.185646,3935.136153,730.1361534,686.9505077,43.18564576
,108,3240,33,3522.311884,3726.4001,486.4001005,204.0882162,282.3118843
,109,3268,33,3745.765633,4671.565827,1403.565827,925.8001944,477.7656329
,110,3297,33,3775.289661,4793.67122,1496.67122,1018.381559,478.2896612
,111,3326,8,3677.318943,4445.189375,1119.189375,767.8704318,351.3189434
,112,3355,18,3404.729267,3543.42678,188.4267796,138.6975126,49.72926704
,113,3386,18,3881.969757,4630.624551,1244.624551,748.6547936,495.9697571
,114,3417,25,3471.147945,4057.022505,640.0225054,585.87456,54.14794548
,115,3448,25,3724.44891,4646.672311,1198.672311,922.2234003,276.4489103
,116,3480,25,4295.481453,4861.870895,1381.870895,566.389442,815.4814529
,117,3506,26,3688.482876,4396.78013,890.7801299,708.297254,182.4828759
,118,3532,10,3604.835431,4073.071483,541.0714825,468.2360516,72.83543094
,119,3559,16,3798.970832,4505.794713,946.7947134,706.8238819,239.9708316
,120,3587,23,3645.412327,3968.748066,381.7480663,323.3357388,58.41232747
,121,3627,13,3770.265488,4218.037751,591.0377514,447.7722635,143.2654878
,122,3664,25,4162.196748,4345.731486,681.7314861,183.5347379,498.1967483
,123,3698,25,3959.332274,4092.853808,394.8538078,133.5215338,261.3322739
,124,3721,9,3747.832816,4267.57987,546.5798696,519.7470539,26.83281573
,125,3753,10,4012.422435,5027.045518,1274.045518,1014.623083,259.4224354
,126,3779,9,3811.015621,4072.214779,293.2147789,261.1991577,32.01562119
,127,3807,9,4128.707942,4286.200799,479.2007991,157.492857,321.7079421
,128,3837,18,3953.846053,4488.098802,651.0988017,534.2527492,116.8460526
,129,3864,34,3968.048066,4633.243526,769.2435258,665.19546,104.0480658
,130,3896,34,4312.811708,4825.117281,929.117281,512.3055729,416.8117081
,131,3925,34,4378.186496,4962.010099,1037.010099,583.8236035,453.1864958
,132,3956,20,4081.399362,4213.255344,257.2553441,131.855982,125.399362
,133,3987,20,4233.00813,5261.570719,1274.570719,1028.562589,246.0081299
,134,4023,9,4161.708327,4892.331349,869.3313489,730.6230218,138.7083271
,135,4054,13,4233.513231,4577.549566,523.549566,344.0363353,179.5132307
,136,4079,3,4252.666347,4509.386038,430.3860383,256.7196915,173.6663468
,137,4112,3,4403.156315,5015.687131,903.687131,612.5308156,291.1563154
,138,4139,3,4600.566897,5291.673979,1152.673979,691.1070829,461.5668966
,139,4167,3,4844.180183,5476.740852,1309.740852,632.560669,677.1801828
,140,4209,4,4257.764741,4443.694836,234.6948358,185.9300944,48.76474136
,141,4243,4,4678.607622,5173.712661,930.712661,495.1050394,435.6076216
,142,4263,3,4635.193498,5112.52462,849.52462,477.331122,372.1934981
,143,4296,14,4366.213959,4725.024494,429.0244937,358.810535,70.21395873
,144,4327,14,4345.027756,4556.219612,229.2196123,211.1918559,18.02775638
,145,4348,14,5073.01862,5238.729212,890.7292115,165.7105911,725.0186205
,146,4377,25,4471.339811,4690.795957,313.7959573,219.456146,94.33981132
,147,4421,18,4665.624202,5440.180849,1019.180849,774.5566474,244.6242016
,148,4455,23,4815.188839,5377.342733,922.3427329,562.1538935,360.1888394
,149,4482,26,4814.520676,5122.678103,640.6781033,308.1574273,332.520676
,150,4510,16,4613.23759,4823.846232,313.8462319,210.6086418,103.2375901
,151,4542,34,4790.515593,4961.117469,419.1174688,170.6018757,248.5155931
,152,4567,33,5166.174432,5527.943696,960.9436955,361.7692635,599.174432
,153,4593,22,4641.826222,5250.011227,657.0112272,608.1850047,48.82622246
,154,4625,25,4883.816537,5635.170648,1010.170648,751.3541109,258.8165373
,155,4652,22,4912.101903,5216.302495,564.3024948,304.2005917,260.1019031
,156,4684,13,4759.894664,5288.940976,604.9409756,529.0463118,75.89466384
,157,4718,31,4780.169124,5684.107728,966.1077283,903.9386041,62.16912417
,158,4746,14,4955.0598,5104.545585,358.5455853,149.4857853,209.0598001
,159,4774,16,4788.21267,5755.717192,981.7171924,967.504522,14.2126704
,160,4800,31,5145.325933,5900.13783,1100.13783,754.8118971,345.325933
,161,4826,30,5120.730385,5339.842229,513.8422289,219.1118436,294.7303853
,162,4862,30,4985.081274,5613.135412,751.1354118,628.0541378,123.081274
,163,4890,34,5008.105885,5750.278371,860.2783714,742.1724867,118.1058847
,164,4923,23,4990.26812,5236.733128,313.7331279,246.4650077,67.26812024
,165,4957,20,5204.418674,5563.653972,606.6539724,359.2352989,247.4186735
,166,4987,26,5219.142198,5320.038184,333.0381838,100.895986,232.1421978
,167,5015,3,5400.564521,5640.274763,625.2747629,239.7102418,385.5645212
,168,5044,4,5468.340665,5637.766165,593.7661649,169.4254999,424.340665
,169,5075,14,5312.134983,5516.490066,441.4900658,204.3550831,237.1349827
,170,5093,22,5144.312766,5264.815878,171.8158784,120.503112,51.31276644
,171,5117,4,5397.973558,6028.459086,911.4590856,630.4855272,280.9735584
,172,5149,26,5220.048223,5705.403763,556.4037626,485.3555398,71.04822277
,173,5176,30,5238.289646,5436.997975,260.997975,198.708329,62.28964601
,174,5205,23,5409.36487,6028.859018,823.8590183,619.4941485,204.3648698
,175,5240,11,5334.641429,5537.826074,297.8260736,203.1846451,94.64142856
,176,5266,11,5786.946254,6557.496707,1291.496707,770.5504526,520.9462544
,177,5303,33,5525.409532,6230.415915,927.4159151,705.0063829,222.4095322
,178,5334,11,6108.690906,6984.847285,1650.847285,876.1563787,774.6909061
,179,5356,32,5439.006024,6081.778145,725.7781452,642.7721214,83.00602388
,180,5399,32,5695.249895,5919.894058,520.8940576,224.6441631,296.2498945
,181,5425,32,5769.135148,6041.753929,616.7539293,272.6187815,344.1351479
,182,5455,32,5591.682113,5929.695426,474.6954263,338.0133133,136.6821129
,183,5484,32,5530.957428,5643.762569,159.7625693,112.8051417,46.95742753
,184,5519,32,6200.01395,6418.538548,899.5385481,218.5245982,681.0139499
,185,5547,3,5663.726175,6127.196778,580.1967785,463.4706032,116.7261753
,186,5580,31,6093.471518,6795.215774,1215.215774,701.7442554,513.4715182
,187,5614,34,6031.905492,6319.893339,705.8933387,287.987847,417.9054917
,188,5657,15,5738.024688,6825.083104,1168.083104,1087.058416,81.0246876
,189,5681,15,6441.894211,6595.494341,914.494341,153.6001302,760.8942108
,190,5710,15,5976.552059,6190.517009,480.5170091,213.9649504,266.5520587
,191,5734,18,5801.535176,6130.808619,396.8086186,329.2734426,67.53517602
,192,5765,13,5847.462113,6103.262816,338.2628162,255.8007037,82.46211251
,193,5803,16,5959.339374,6154.472662,351.4726622,195.1332878,156.3393744
,194,5829,13,6157.202681,6769.007389,940.0073887,611.8047074,328.2026813
,195,5860,18,6078.487986,6904.288204,1044.288204,825.800218,218.4879859
,196,5882,9,5977.047357,6479.716234,597.7162337,502.6688771,95.04735662
,197,5915,9,6097.937148,6747.993299,832.9932991,650.0561514,182.9371477
,198,5937,16,6141.462309,6708.2224,771.2223995,566.7600903,204.4623092
,199,5972,15,6139.056877,6643.045964,671.0459637,503.9890872,167.0568765
,200,6002,3,6225.230822,6652.970229,650.9702289,427.7394066,223.2308222
,201,6035,32,6303.119376,7287.278916,1252.278916,984.1595399,268.1193764
,202,6074,34,6262.507349,7037.91047,963.9104698,775.403121,188.5073488
,203,6095,28,6409.391476,7045.058055,950.058055,635.6665793,314.3914757
,204,6123,28,6597.523972,7214.241898,1091.241898,616.7179258,474.523972
,205,6149,28,7096.236507,7187.236507,1038.236507,91,947.2365069
,206,6183,28,6452.180237,7052.950576,869.9505758,600.7703388,269.180237
,207,6207,28,6705.654189,7399.439458,1192.439458,693.7852694,498.6541888
,208,6222,28,6598.554113,7187.54053,965.5405305,588.9864175,376.554113
,209,6249,23,6348,7025.974926,776.9749258,677.9749258,99
,210,6284,6,6463.449157,6701.814423,417.8144231,238.3652659,179.4491571
,211,6319,6,7091.969598,7942.978999,1623.978999,851.0094007,772.9695984
,212,6348,28,6603.876924,7063.807353,715.8073531,459.9304295,255.8769235
,213,6374,33,6397.086793,7180.587271,806.5872714,783.5004786,23.08679276
,214,6412,15,6587.045708,6888.543635,476.5436353,301.497927,175.0457083
,215,6452,0,6704.126952,7410.323101,958.3231005,706.1961484,252.1269521
,216,6481,0,6774.462093,7237.889541,756.8895414,463.4274485,293.462093
,217,6516,0,7388.941006,8238.470876,1722.470876,849.52987,872.941006
,218,6554,0,7544.945004,7970.566901,1416.566901,425.6218979,990.9450035
,219,6589,0,7319.944594,7533.122923,944.1229234,213.1783291,730.9445943
,220,6623,0,7178.036035,7810.847223,1187.847223,632.8111883,555.0360349
,221,6653,30,6865.219226,7526.130718,873.1307181,660.9114918,212.2192263
,222,6687,11,6830.003496,7429.499952,742.4999518,599.4964554,143.0034965
,223,6712,6,7145.586208,7876.530803,1164.530803,730.9445943,433.5862083
,224,6739,30,6921.439031,7454.097458,715.097458,532.6584271,182.4390309
,225,6777,31,7313.295627,7638.681552,861.6815521,325.3859247,536.2956274
,226,6801,4,6833.062439,7280.862618,479.8626177,447.8001787,32.06243908
,227,6826,4,7286.440007,7646.453896,820.4538956,360.0138886,460.4400069
,228,6855,10,6892,7540.167417,685.1674166,648.1674166,37
,229,6890,10,7575.615052,8195.33273,1305.33273,619.7176777,685.6150523
,230,6919,20,7006.091905,7379.757531,460.7575314,373.6656259,87.09190548
,231,6951,20,7444.758038,7990.436515,1039.436515,545.6784768,493.7580379
,232,6974,23,7123.933319,7767.505381,793.5053813,643.5720628,149.9333185
,233,7000,7,7080.224684,7271.318902,271.3189021,191.0942176,80.22468448
,234,7040,7,7721.307566,8411.69369,1371.69369,690.3861238,681.3075664
,235,7071,7,7142.610055,7418.590127,347.5901269,275.9800717,71.61005516
,236,7094,7,7774.062497,8239.441912,1145.441912,465.3794151,680.0624971
,237,7121,7,7256.635541,7574.265829,453.2658293,317.6302882,135.6355411
,238,7157,7,7863.138797,8652.521467,1495.521467,789.3826702,706.1387966
,239,7186,30,7406.009091,7699.527404,513.5274036,293.5183129,220.0090907
,240,7221,10,7281.133186,7556.28587,335.2858704,275.1526849,60.13318551
,241,7244,32,7473.244411,7895.144873,651.1448732,421.9004622,229.2444111
,242,7286,20,7529.189227,7671.712909,385.712909,142.5236822,243.1892267
,243,7317,0,7512.133288,7939.241003,622.2410025,427.1077148,195.1332878
,244,7354,10,7460.850363,8027.571635,673.5716345,566.7212719,106.8503627
,245,7383,22,7439.938563,8094.083043,711.0830428,654.1444795,56.93856338
,246,7417,22,7699.349075,7749.349075,332.3490747,50,282.3490747
,247,7450,22,8162.152371,9031.295628,1581.295628,869.1432563,712.1523713
,248,7475,30,7568.300589,8126.695611,651.695611,558.3950215,93.30058949
,249,7505,20,7705.803386,8565.945816,1060.945816,860.1424301,200.8033864
,250,7530,28,8063.206339,8749.792095,1219.792095,686.5857558,533.206339
,251,7557,8,7589.249031,8141.709889,584.7098893,552.4608583,32.24903099
,252,7585,8,7808.651515,8346.570654,761.5706535,537.9191389,223.6515146
,253,7624,8,8115.318634,8754.518915,1130.518915,639.2002816,491.3186339
,254,7666,8,8286.918674,8939.967677,1273.967677,653.0490028,620.9186742
,255,7698,6,8100.973945,8510.688479,812.6884793,409.7145348,402.9739446
,256,7720,23,7906.59314,8232.606944,512.6069437,326.0138034,186.5931403
,257,7754,13,7776.203603,8256.21402,502.2140199,480.0104166,22.20360331
,258,7777,13,8455.663392,9295.008375,1518.008375,839.3449827,678.6633923
,259,7802,32,8024.697104,8361.425481,559.4254809,336.7283772,222.6971037
,260,7827,11,8011.05434,8293.523807,466.5238072,282.4694674,184.0543398
,261,7855,33,7876.095023,8107.993708,252.9937079,231.8986848,21.09502311
,262,7887,33,8118.898685,8586.011091,699.0110909,467.1124062,231.8986848
,263,7914,7,8282.571567,8876.875361,962.8753614,594.3037944,368.571567
,264,7943,11,8268,8990.675584,1047.675584,722.6755842,325
,265,7974,25,8129.467038,8425.575127,451.5751267,296.1080884,155.4670383
,266,8012,25,8081.856997,8318.07935,306.0793497,236.2223529,69.85699679
,267,8046,25,8482.405774,8978.587193,932.5871929,496.1814184,436.4057745
,268,8077,25,8396.31176,8635.150618,558.1506177,238.8388578,319.3117599
,269,8096,25,8257.245155,8769.108418,673.108418,511.863263,161.245155
,270,8124,0,8587.763949,9227.76473,1103.76473,640.0007812,463.7639486
,271,8150,23,8330.161039,8604.697011,454.6970112,274.5359721,180.1610391
,272,8187,33,8465.657496,8624.971651,437.9716509,159.3141551,278.6574959
,273,8216,22,8466.161948,8765.350851,549.3508511,299.1889035,250.1619475
,274,8250,32,8577.940543,9521.411264,1271.411264,943.4707203,327.9405434
,275,8273,6,8629.315871,9324.163336,1051.163336,694.8474653,356.3158711
,276,8305,33,8492.74717,9024.424704,719.4247043,531.6775338,187.7471704
,277,8342,4,8529.18173,8959.86723,617.86723,430.6855001,187.1817299
,278,8384,30,8453.634761,9074.732177,690.7321773,621.0974159,69.63476143
,279,8416,9,8474.855756,9426.614654,1010.614654,951.758898,58.85575588
,280,8453,9,8668.613079,9260.986273,807.9862726,592.3731932,215.6130794
,281,8485,4,8834.136077,9027.681937,542.6819368,193.5458602,349.1360766
,282,8515,9,8621.150836,8804.96052,289.9605203,183.8096842,106.1508361
,283,8548,22,8949.707605,9463.956572,915.956572,514.2489669,401.7076051
,284,8577,8,8856.034048,9199.498748,622.4987479,343.4646998,279.0340481
,285,8608,28,9052.146372,9609.599509,1001.599509,557.453137,444.1463723
,286,8644,25,8889.904453,9271.909689,627.9096886,382.0052356,245.904453
,287,8685,10,9063.272389,9400.100238,715.1002378,336.8278492,378.2723886
,288,8716,13,9009.155249,9910.918522,1194.918522,901.7632727,293.155249
,289,8750,9,8856.887792,9749.09965,999.0996499,892.2118582,106.8877916
,290,8779,10,8978.624648,9226.908759,447.9087592,248.2841115,199.6246478
,291,8804,4,9180.766506,9418.718182,614.7181817,237.9516758,376.7665059
,292,8841,11,9043.467281,9627.412484,786.4124842,583.9452029,202.4672813
,293,8872,8,9142.691707,9935.858146,1063.858146,793.166439,270.6917066
,294,8909,0,9121.084889,9970.546483,1061.546483,849.4615942,212.0848887
,295,8942,33,9175.908102,9260.931628,318.9316278,85.02352616,233.9081016
,296,8973,28,9284.718059,9844.222304,871.2223038,559.5042448,311.718059
,297,9007,15,9042.057096,9275.556561,268.556561,233.4994647,35.05709629
,298,9049,15,9947.018374,10898.50143,1849.501427,951.4830529,898.018374
,299,9083,10,9218.281189,9822.636217,739.6362167,604.3550281,135.2811886
,300,9107,25,9323.148097,9435.420089,328.4200885,112.2719912,216.1480974
,301,9128,15,9489.809342,9683.350035,555.3500355,193.5406934,361.8093421
,302,9157,4,9368.400095,10006.77694,849.7769426,638.376848,211.4000946
,303,9194,14,9333.517024,9548.191196,354.1911958,214.6741717,139.5170241
,304,9214,14,9514.567796,10199.88305,985.8830519,685.3152559,300.567796
,305,9247,14,9845.080262,10083.40147,836.401474,238.3212118,598.0802622
,306,9280,14,9937.194796,10314.64413,1034.64413,377.4493343,657.1947961
,307,9308,14,9676.978319,10609.94884,1301.948844,932.9705247,368.9783191
,308,9348,20,9449.651365,10145.11811,797.1181147,695.4667497,101.651365
,309,9378,23,9482.388697,10230.59321,852.5932142,748.2045175,104.3886967
,310,9401,22,9688.920128,10367.51868,966.5186837,678.5985558,287.9201278
,311,9426,15,9654.303319,10127.5411,701.5411024,473.2377838,228.3033186
,312,9453,33,9643.546582,9726.226689,273.2266887,82.68010643,190.5465822
,313,9480,34,9547.067131,10013.63438,533.6343819,466.5672513,67.06713055
,314,9508,34,10050.44355,10216.03642,708.0364197,165.5928742,542.4435454
,315,9532,34,9741.028706,10493.05264,961.052642,752.0239358,209.0287062
,316,9560,8,9776.746811,10554.05048,994.0504838,777.303673,216.7468108
,317,9595,20,9677.873397,10447.47134,852.4713444,769.597947,82.87339742
,318,9625,9,9927.120837,10391.93263,766.9326266,464.8117899,302.1208368
,319,9652,33,9862.375854,10438.90773,786.9077266,576.5318725,210.3758541
,320,9683,34,10346.54955,10773.16647,1090.16647,426.6169242,663.549546
,321,9717,23,10018.72835,10563.43745,846.4374513,544.7090967,301.7283547
,322,9737,20,10036.72024,10186.95339,449.9533927,150.2331521,299.7202405
,323,9763,13,10007.10039,10592.6275,829.6275021,585.527113,244.1003892
,324,9788,28,9985.254215,10143.78812,355.7881232,158.533908,197.2542151
,325,9825,18,10094.42903,10324.44859,499.4485903,230.0195644,269.4290259
,326,9856,18,10725.08285,11752.16902,1896.16902,1027.08617,869.0828499
,327,9880,18,10458.04931,10916.5534,1036.553395,458.5040894,578.0493059
,328,9910,2,9982.532751,10329.01507,419.015074,346.4823228,72.53275122
,329,9940,2,10234.53183,10929.48003,989.4800314,694.9481995,294.5318319
,330,9973,2,10647.18469,11645.1396,1672.139602,997.9549088,674.1846928
,331,10012,2,10612.23412,11115.86097,1103.860967,503.626846,600.234121
,332,10050,2,10692.60797,11301.91741,1251.917413,609.3094452,642.6079676
,333,10078,2,10709.88923,11091.90101,1013.901011,382.0117799,631.8892308
,334,10120,14,10535.30832,11059.05635,939.0563502,523.748031,415.3083192
,335,10148,2,10351.69094,10765.72597,617.725965,414.0350227,203.6909424
,336,10174,19,10263.1852,10658.61914,484.6191394,395.4339389,89.18520057
,337,10208,19,10653.13818,11151.58577,943.5857708,498.44759,445.1381808
,338,10239,19,10907.90732,11078.7552,839.7552035,170.8478856,668.9073179
,339,10268,19,10589.7903,10997.89446,729.8944578,408.1041534,321.7903044
,340,10294,19,10892.17138,11266.05906,972.0590638,373.8876837,598.1713801
,341,10327,19,10885.60541,11583.15827,1256.158272,697.5528654,558.6054063
,342,10353,19,11017.20855,11446.15377,1093.15377,428.9452179,664.2085516
,343,10392,3,10523.64346,11342.38945,950.3894502,818.7459924,131.6434579
,344,10422,3,10932.247,11349.55384,927.5538406,417.3068415,510.246999
,345,10448,3,11054.90115,11431.9701,983.9701044,377.0689592,606.9011452
,346,10479,3,10951.84776,11295.22073,816.2207307,343.3729751,472.8477556
,347,10510,23,10669.66527,11323.2523,813.2523004,653.5870256,159.6652749
,348,10535,19,10955.31536,11136.47275,601.4727479,181.1573901,420.3153578
,349,10566,15,10809.2879,11126.38725,560.3872488,317.0993535,243.2878953
,350,10609,18,10756.23111,11213.90458,604.9045752,457.6734644,147.2311108
,351,10647,3,10683.01389,11054.24562,407.2456198,371.2317336,36.01388621
,352,10672,8,10824.86923,11744.43108,1072.431077,919.5618522,152.8692252
,353,10709,2,10738.06888,11386.67354,677.6735399,648.6046562,29.06888371
,354,10736,20,10906.20576,11589.3646,853.3645973,683.1588395,170.2057578
,355,10779,14,10863.20214,11608.72544,829.7254439,745.5233061,84.20213774
,356,10818,19,11039.02036,11632.35753,814.3575333,593.3371723,221.0203611
,357,10840,3,10954.47707,11233.07714,393.0771437,278.6000718,114.4770719
,358,10863,7,10953.02777,11437.82051,574.8205127,484.7927392,90.02777349
,359,10890,7,11631.5558,11791.5558,901.555797,160,741.555797
,360,10918,7,11408.97861,11742.05218,824.0521801,333.0735654,490.9786146
,361,10951,13,11027.00658,11849.88992,898.889924,822.8833453,76.00657866
,362,10976,15,11318.34778,12371.78596,1395.785957,1053.43818,342.3477764
,363,11009,7,11415.90662,11690.71019,681.7101894,274.8035662,406.9066232
,364,11031,10,11263.7939,11614.1266,583.1265993,350.332699,232.7939003
,365,11063,10,11585.34567,12254.10946,1191.109456,668.7637849,522.345671
,366,11102,31,11220.29624,11742.41596,640.4159564,522.1197181,118.2962383
,367,11127,31,11543.58132,11692.5142,565.5141954,148.9328708,416.5813246
,368,11153,31,11367.89532,11552.61132,399.6113216,184.7159982,214.8953234
,369,11179,31,11786.10872,12050.41347,871.4134701,264.3047483,607.1087217
,370,11212,31,11369.81318,11825.44571,613.4457081,455.6325274,157.8131807
,371,11251,31,11622.67997,11968.3648,717.3647974,345.6848276,371.6799699
,372,11275,23,11455.00556,12266.10912,991.1091247,811.1035692,180.0055555
,373,11308,3,11561.66316,11941.96041,633.9604146,380.2972522,253.6631625
,374,11338,18,11691.22089,11931.46452,593.4645204,240.2436263,353.2208941
,375,11364,31,11659.90032,11991.24003,627.2400259,331.3397048,295.9003211
,376,11393,20,11494.8332,11874.63578,481.6357772,379.8025803,101.8331969
,377,11423,2,11477.12947,12381.60391,958.6039074,904.474433,54.12947441
,378,11448,28,11543.25755,12389.71014,941.7101432,846.4525976,95.25754563
,379,11485,7,11694.0947,11965.6863,480.6863021,271.5916052,209.0946969
,380,11515,10,11578.33748,11827.57632,312.5763194,249.2388413,63.33747812
,381,11554,28,11877.34811,12218.66468,664.6646782,341.3165686,323.3481096
,382,11585,33,11690.68822,12300.66609,715.6660892,609.9778685,105.6882207
,383,11608,33,11930.41898,12660.49911,1052.499115,730.0801326,322.4189821
,384,11642,18,12162.21246,12926.22293,1284.222928,764.0104711,520.2124566
,385,11676,13,11878.71408,12537.48946,861.4894634,658.775379,202.7140844
,386,11695,30,11909.00935,12151.77878,456.7787835,242.7694379,214.0093456
,387,11724,30,11922.49433,12509.50029,785.5002949,587.0059625,198.4943324
,388,11754,30,12676.70255,13381.70539,1627.705389,705.0028369,922.7025523
,389,11791,28,12002.78291,12270.12913,479.1291252,267.3462175,211.7829077
,390,11815,30,11964.75313,12089.38459,274.3845869,124.6314567,149.7531302
,391,11844,20,12235.31573,13010.21185,1166.211851,774.8961221,391.3157293
,392,11881,10,11959.00641,12641.17354,760.1735449,682.1671349,78.00640999
,393,11913,31,12082.30741,12197.74138,284.7413765,115.4339638,169.3074127
,394,11935,3,12017.29824,12697.3997,762.3997012,680.101463,82.29823813
,395,11966,30,12132.82026,12661.91855,695.9185521,529.0982895,166.8202626
,396,11997,34,12092.00526,12469.92721,472.9272126,377.9219496,95.00526301
,397,12029,34,12768.98176,13550.58268,1521.582678,781.6009212,739.9817565
,398,12055,33,12168.67207,12891.77165,836.7716524,723.0995782,113.6720742
,399,12082,8,12239.49603,12661.71043,579.7104322,422.2144005,157.4960317
,400,12115,16,12196.00617,12722.97202,607.9720159,526.9658433,81.0061726
,401,12157,16,12726.41549,13019.28065,862.2806465,292.8651567,569.4154898
,402,12187,16,12448.16853,12719.70121,532.7012148,271.5326868,261.168528
,403,12211,16,12599.85473,13070.91417,859.9141729,471.0594442,388.8547287
,404,12242,16,12816.84955,13508.18015,1266.180147,691.3306011,574.8495455
,405,12270,16,13140.35912,13206.12385,936.1238535,65.76473219,870.3591213
,406,12304,16,12459.29327,13191.54801,887.548008,732.2547371,155.2932709
,407,12327,15,12640.47887,12954.98483,627.9848287,314.5059618,313.4788669
,408,12362,23,12439.00649,12729.69705,367.6970504,290.6905571,77.00649323
,409,12390,13,12585.23319,13102.45365,712.4536498,517.2204559,195.2331939
,410,12414,14,12534.16655,13098.5113,684.5113039,564.3447528,120.1665511
,411,12449,6,12503.91812,13040.29579,591.2957863,536.3776655,54.91812087
,412,12472,6,13318.68884,14099.50893,1627.508927,780.8200817,846.6888449
,413,12502,6,13074.71721,14027.96954,1525.969535,953.2523276,572.7172077
,414,12537,14,12909.93029,13977.75518,1440.75518,1067.824892,372.9302884
,415,12565,8,12893.95592,13143.43538,578.4353822,249.4794581,328.9559241
,416,12594,23,12795.85391,13034.68858,440.6885784,238.8346708,201.8539076
,417,12621,32,12663,13150.46897,529.4689734,487.4689734,42
,418,12654,32,12937.71993,13290.1756,636.1756033,352.455671,283.7199323
,419,12681,32,13643.04418,13853.24646,1172.246461,210.2022835,962.0441778
,420,12710,32,13035.22761,13840.82801,1130.82801,805.6003972,325.2276126
,421,12737,34,12996.30677,13344.34412,607.3441225,348.0373543,259.3067681
,422,12755,30,12827.23573,13204.64002,449.6400177,377.4042925,72.23572523
,423,12792,18,13062.02963,14022.02963,1230.029628,960,270.029628
,424,12815,5,12935.41595,13401.69162,586.6916153,466.2756695,120.4159458
,425,12851,5,13404.14736,13897.4272,1046.427198,493.2798394,553.1473583
,426,12876,5,12968.02174,13086.22918,210.2291813,118.2074448,92.02173656
,427,12903,5,13713.78049,14674.09398,1771.093979,960.3134905,810.7804882
,428,12930,5,13430.27392,13691.01326,761.0132584,260.7393334,500.273925
,429,12957,5,13223.80705,13387.32157,430.3215717,163.5145253,266.8070464
,430,12993,5,13539.61595,13621.62205,628.6220503,82.00609733,546.6159529
,431,13020,5,13689.20027,14344.20103,1324.201032,655.0007634,669.200269
,432,13048,5,13542.16192,14172.45867,1124.458672,630.2967555,494.1619168
,433,13086,5,13779.09812,14372.26336,1286.263356,593.1652384,693.0981172
,434,13115,5,13593.77448,13888.42003,773.420027,294.6455498,478.7744772
,435,13147,16,13410.3192,13701.84793,554.8479272,291.5287293,263.3191979
,436,13171,32,13465.71512,13666.64296,495.6429644,200.9278477,294.7151167
,437,13200,20,13338.17742,13587.43432,387.4343178,249.2568956,138.1774222
,438,13234,20,13483.2569,14334.05241,1100.052406,850.7955101,249.2568956
,439,13268,30,13514.67793,14359.35361,1091.353605,844.6756774,246.6779277
,440,13292,5,13870.60003,14170.5817,878.5817007,299.9816661,578.6000346
,441,13316,10,13496.20544,13564.23484,248.2348437,68.02940541,180.2054383
,442,13343,10,13583.24363,13871.16723,528.1672273,287.923601,240.2436263
,443,13368,6,13516.82204,14036.87012,668.8701161,520.0480747,148.8220414
,444,13400,26,13486.57944,14218.92089,818.9208937,732.3414504,86.57944329
,445,13423,26,13960.78527,14906.27192,1483.27192,945.4866472,537.7852731
,446,13443,26,13635.52013,14414.84355,971.8435533,779.3234245,192.5201288
,447,13476,26,13590.17968,13956.16602,480.1660215,365.9863385,114.179683
,448,13511,26,13921.74688,14432.04581,921.0458127,510.298932,410.7468807
,449,13536,26,13961.44095,14627.84923,1091.849231,666.4082833,425.4409477
,450,13562,26,14144.40278,14382.29561,820.2956146,237.892833,582.4027816
,451,13601,26,14178.74129,15226.68976,1625.689764,1047.948472,577.7412916
,452,13632,10,13836.07107,14693.04715,1061.047145,856.976079,204.0710661
,453,13661,32,13978.18922,14505.83019,844.8301944,527.6409764,317.189218
,454,13689,6,13849.02812,14542.96256,853.9625575,693.9344349,160.0281225
,455,13720,33,14020.56281,14796.20319,1076.203186,775.6403806,300.5628054
,456,13752,28,14312.35703,15081.70091,1329.700905,769.3438763,560.357029
,457,13777,5,13924.18888,14226.38914,449.3891436,302.2002647,147.1888789
,458,13802,28,14270.81233,14517.81233,715.8123292,247,468.8123292
,459,13837,23,13882.12206,14177.12884,340.1288363,295.0067796,45.12205669
,460,13876,23,14228.93059,15126.74237,1250.742372,897.8117843,352.9305881
,461,13906,15,14088.12358,14703.41051,797.4105094,615.2869249,182.1235844
,462,13935,8,14000.96969,14593.98318,658.9831806,593.0134906,65.96969001
,463,13966,8,14193.20035,14663.93701,697.9370089,470.7366567,227.2003521
,464,13984,7,14017.37664,14862.15176,878.1517565,844.775118,33.37663854
,465,14009,7,14434.04235,14890.07086,881.0708587,456.0285079,425.0423508
,466,14044,15,14143.0404,15115.72534,1071.72534,972.6849439,99.0403958
,467,14074,7,14229.72412,15003.82553,929.8255296,774.1014145,155.724115
,468,14103,16,14286.46934,14912.31597,809.3159701,625.8466266,183.4693435
,469,14130,8,14245.27798,14718.50098,588.5009766,473.2229918,115.2779848
,470,14165,17,14310.23085,14735.1073,570.1073033,424.8764526,145.2308507
,471,14187,17,14640.86342,15306.53751,1119.53751,665.6740944,453.8634156
,472,14226,17,14965.25638,15374.26127,1148.261273,409.0048899,739.2563831
,473,14257,17,14490.34524,14785.80759,528.8075873,295.4623495,233.3452378
,474,14290,17,14812.91682,15112.45313,822.4531277,299.5363083,522.9168194
,475,14327,17,14780.76646,15005.17011,678.1701139,224.4036542,453.7664598
,476,14357,17,15070.26853,15636.56351,1279.563509,566.2949761,713.2685329
,477,14377,17,14565.04255,15143.7048,766.7047987,578.6622504,188.0425484
,478,14412,17,15191.41645,15728.52444,1316.524445,537.1079966,779.4164484
,479,14441,17,14636.34585,15287.34892,846.3489193,651.0030722,195.3458472
,480,14468,17,15061.41217,15210.07285,742.0728545,148.6606875,593.412167
,481,14501,17,15056.56278,15672.9474,1171.947398,616.3846202,555.5627777
,482,14539,17,14893.62233,15446.84019,907.8401938,553.2178594,354.6223343
,483,14573,17,15340.87043,15822.6432,1249.6432,481.772768,767.8704318
,484,14605,17,15531.39354,16139.69035,1534.690347,608.2968026,926.3935449
,485,14638,16,14764.08727,15652.09628,1014.09628,888.009009,126.0872714
,486,14666,33,15001.96577,15308.04583,642.045827,306.0800549,335.9657721
,487,14701,26,15074.79272,15847.28285,1146.282853,772.4901294,373.7927233
,488,14737,5,15339.61845,15666.65668,929.6566772,327.0382241,602.6184531
,489,14774,23,14899.29964,15396.33887,622.3388747,497.0392339,125.2996409
,490,14808,7,14930.06556,15981.73328,1173.733279,1051.667723,122.0655562
,491,14836,28,15239.72515,15698.5857,862.5856993,458.8605453,403.725154
,492,14859,33,15180.56648,15821.10766,962.1076558,640.5411774,321.5664784
,493,14894,9,15034.35669,15633.17636,739.1763608,598.8196724,140.3566885
,494,14921,9,15466.80033,15784.29206,863.292062,317.4917322,545.8003298
,495,14945,9,15482.23924,16202.33993,1257.339926,720.1006874,537.2392391
,496,14965,9,15571.89126,16034.82646,1069.826459,462.9352006,606.8912588
,497,15005,9,15526.48346,16013.05925,1008.059252,486.5757906,521.4834609
,498,15034,17,15149.15642,15451.85098,417.8509809,302.6945655,115.1564154
,499,15067,15,15500.04157,15939.69712,872.6971154,439.655547,433.0415684
,500,15087,23,15222.59499,15597.52164,510.5216447,374.9266595,135.5949852
,501,15107,26,15157.15974,15589.07872,482.0787187,431.9189739,50.15974482
,502,15142,20,15222.04998,16114.91112,972.9111158,892.8611314,80.04998438
,503,15171,3,15282.82576,15859.83962,688.839622,577.0138647,111.8257573
,504,15202,3,15390.50995,15551.09949,349.0994856,160.5895389,188.5099467
,505,15230,3,15456.01991,16108.6063,878.6063034,652.5863927,226.0199106
,506,15252,3,15680.55338,16108.31967,856.3196719,427.7662913,428.5533806
,507,15283,28,15442.62456,15743.88192,460.8819246,301.2573651,159.6245595
,508,15314,17,15675.44847,15980.89569,666.895688,305.4472131,361.4484749
,509,15336,31,15383.07441,16214.81115,878.8111464,831.7367372,47.07440918
,510,15367,31,16226.19788,17112.64529,1745.645286,886.447404,859.1978817
,511,15395,31,15863.02778,16583.22914,1188.229138,720.2013607,468.027777
,512,15426,9,15522.54015,15966.50073,540.5007309,443.9605838,96.54014709
,513,15454,20,15614.58954,16280.82448,826.8244824,666.2349435,160.5895389
,514,15483,3,15691.62646,16408.68294,925.6829436,717.0564831,208.6264605
,515,15509,5,15553.55334,15867.25702,358.2570207,313.7036818,44.55333882
,516,15535,16,15856.75923,16131.67194,596.6719402,274.9127134,321.7592268
,517,15572,5,15669.04638,16544.2355,972.2355031,875.1891224,97.04638066
,518,15612,8,15630.86796,16296.11153,684.1115267,665.2435644,18.86796226
,519,15644,8,15965.16818,16280.17453,636.1745294,315.0063491,321.1681802
,520,15675,16,15818.22011,15885.33941,210.3394071,67.11929678,143.2201103
,521,15702,23,15793.21403,16215.51724,513.5172426,422.3032086,91.21403401
,522,15726,26,15953.24656,16538.38672,812.3867163,585.1401542,227.2465621
,523,15755,25,15880.4193,16216.85503,461.8550261,336.4357294,125.4192968
,524,15778,25,16025.42676,16604.43453,826.4345288,579.007772,247.4267568
,525,15811,25,16294.69929,16820.19429,1009.194291,525.4950047,483.6992867
,526,15843,25,16164.25379,16741.29539,898.2953867,577.041593,321.2537938
,527,15880,25,15968.64536,17102.42929,1222.429291,1133.78393,88.64536085
,528,15915,25,16745.11806,17078.7421,1163.742104,333.6240399,830.1180639
,529,15944,25,16030.97701,16672.93184,728.9318355,641.9548271,86.97700846
,530,15963,9,16247.48199,16686.21311,723.2131103,438.731125,284.4819854
,531,15988,25,16272.69282,16985.32526,997.3252607,712.6324438,284.6928169
,532,16017,7,16224.76188,16408.98186,391.9818601,184.2199772,207.7618829
,533,16052,16,16316.54678,17135.68902,1083.689017,819.1422343,264.5467823
,534,16078,7,16325.34001,17418.37706,1340.377059,1093.037053,247.3400054
,535,16105,17,16465.13609,16657.39112,552.3911243,192.2550389,360.1360854
,536,16133,32,16449.80909,17431.583,1298.582996,981.7739047,316.8090908
,537,16168,3,16260.80086,16739.7852,571.7852042,478.9843421,92.80086206
,538,16198,32,16727.06049,16902.17474,704.1747365,175.1142484,529.060488
,539,16226,32,16397.33009,16785.2489,559.2488967,387.9188059,171.3300908
,540,16260,31,16617.35836,17504.35329,1244.35329,886.9949267,357.3583636
,541,16289,23,16632.08308,17361.93306,1072.933065,729.8499846,343.0830803
,542,16322,2,16429.93517,16789.96989,467.9698863,360.0347205,107.9351657
,543,16358,2,17085.70598,17752.90685,1394.906854,667.2008693,727.7059846
,544,16387,2,16902.18637,17636.46289,1249.462889,734.2765147,515.186374
,545,16415,2,16592.28226,16754.39642,339.3964181,162.1141573,177.2822608
,546,16453,2,17002.33141,17363.94585,910.9458474,361.6144356,549.3314118
,547,16488,10,16660.36299,16815.78821,327.7882122,155.4252232,172.3629891
,548,16516,10,17120.06953,17478.47712,962.4771216,358.4075892,604.0695324
,549,16551,10,17635.41182,17757.00541,1206.005407,121.5935854,1084.411822
,550,16582,9,16642.41523,17301.29306,719.2930638,658.8778339,60.41522987
,551,16619,17,17029.80531,17692.31946,1073.319457,662.5141508,410.8053067
,552,16643,28,16692.16299,17385.78249,742.7824864,693.6194922,49.16299421
,553,16671,32,16782.44123,17190.28924,519.289244,407.8480109,111.441233
,554,16701,28,17179.94154,17281.18382,580.183825,101.2422837,478.9415413
,555,16725,6,16758,17223.2956,498.295605,465.295605,33
,556,16757,6,17107.05142,17689.27217,932.2721733,582.2207485,350.0514248
,557,16789,6,17106.00158,17509.27816,720.2781573,403.27658,317.0015773
,558,16814,6,17247.66577,17349.02158,535.0215788,101.3558089,433.6657699
,559,16852,2,17213.61444,17616.82158,764.8215783,403.2071428,361.6144356
,560,16884,25,17127.58366,17544.7479,660.7478974,417.1642362,243.5836612
,561,16916,18,17104.2153,17388.15368,472.1536758,283.9383736,188.2153022
,562,16945,18,17314.49966,17980.17901,1035.179014,665.6793522,369.4996617
,563,16983,18,17644.47865,18156.16019,1173.160188,511.6815416,661.4786467
,564,17015,18,17149.45073,17598.21459,583.2145922,448.7638577,134.4507345
,565,17044,31,17062.68154,17560.04459,516.0445882,497.3630465,18.68154169
,566,17081,10,17287.34922,17588.47544,507.4754379,301.1262194,206.3492186
,567,17119,6,17268.29844,17831.50356,712.503557,563.2051136,149.2984434
,568,17133,9,17176.56604,17769.54581,636.5458054,592.9797636,43.56604182
,569,17160,34,17376.39316,17946.5028,786.5027993,570.1096386,216.3931607
,570,17188,34,17532.39657,17869.40251,681.4025084,337.0059347,344.3965737
,571,17218,34,17689.59411,17772.135,554.1350041,82.54089895,471.5941051
,572,17244,34,17378.80727,17567.76494,323.7649371,188.9576672,134.8072698
,573,17284,34,17694.74566,17932.66372,648.6637165,237.9180531,410.7456634
,574,17308,34,18082.73673,18956.21827,1648.218269,873.4815396,774.7367295
,575,17334,28,17435.24228,18043.36069,709.3606932,608.1184095,101.2422837
,576,17355,20,17435.80223,18125.81817,770.8181695,690.0159418,80.80222769
,577,17386,20,17787.64661,17956.36235,570.3623481,168.7157373,401.6466108
,578,17415,18,17715.12831,18194.93035,779.9303484,479.8020425,300.1283059
,579,17449,20,17647.64541,17906.88276,457.8827557,259.237343,198.6454127
,580,17475,31,17610.30385,17735.30385,260.3038522,125,135.3038522
,581,17501,5,17698.8004,18516.4244,1015.424401,817.6239967,197.8004044
,582,17542,26,17767.00222,18099.02632,557.0263177,332.0240955,225.0022222
,583,17572,26,17821.20875,18543.26276,971.2627624,722.0540146,249.2087478
,584,17601,24,17880.01613,18880.44504,1279.445037,1000.428908,279.0161286
,585,17631,24,18550.13927,18776.45763,1145.457631,226.3183598,919.1392713
,586,17672,24,18323.7768,18982.82536,1310.825359,659.0485566,651.7768023
,587,17698,24,18699.23574,18885.57146,1187.571455,186.3357185,1001.235736
,588,17728,24,18241.43744,18573.71744,845.7174377,332.2800024,513.4374353
,589,17760,24,18534.75415,19279.84811,1519.848108,745.0939538,774.7541546
,590,17784,24,18149.96175,18614.61753,830.6175332,464.6557866,365.9617466
,591,17818,24,18266.77723,18455.56547,637.5654687,188.7882412,448.7772276
,592,17859,24,18323.03987,18695.19172,836.1917197,372.1518507,464.039869
,593,17895,24,18101.52603,18401.57436,506.5743569,300.0483294,206.5260274
,594,17916,24,18711.12137,19238.78983,1322.789831,527.6684565,795.1213744
,595,17940,24,18189.80793,18723.71148,783.7114756,533.9035493,249.8079262
,596,17968,24,18490.12834,18838.56054,870.5605396,348.4322029,522.1283367
,597,18002,24,18533.50729,18891.5017,889.501704,357.9944134,531.5072906
,598,18035,24,18682.13832,19279.35603,1244.356032,597.2177157,647.138316
,599,18063,24,18199.29747,18806.12281,743.1228143,606.8253455,136.2974688
,600,18085,24,18720.47227,19397.95068,1312.950678,677.4784129,635.4722653
,601,18119,24,18705.28491,19394.18113,1275.181132,688.8962186,586.2849137
,602,18151,18,18632.44886,19324.95228,1173.952285,692.5034296,481.448855
,603,18182,5,18609.26338,19210.3108,1028.310804,601.0474191,427.2633848
,604,18217,34,18316.63935,19480.3253,1263.325304,1163.685954,99.63934966
,605,18248,26,18626.82582,19002.32016,754.3201583,375.4943408,378.8258175
,606,18276,28,18373.49872,18792.17879,516.1787867,418.6800688,97.49871794
,607,18310,20,18460.69506,18821.31951,511.3195147,360.6244584,150.6950563
,608,18339,28,18621.93639,18886.39811,547.3981061,264.4617175,282.9363886
,609,18359,2,18726.57584,19186.59323,827.5932335,460.017391,367.5758425
,610,18387,2,18720.41866,19004.34294,617.3429414,283.9242857,333.4186557
,611,18421,14,18498.16217,18916.58898,495.5889825,418.4268156,77.1621669
,612,18454,14,18932.73688,19505.53091,1051.530909,572.7940293,478.7368797
,613,18483,14,19114.81089,19872.47902,1389.479023,757.6681332,631.8108894
,614,18504,14,18814.64449,19385.35808,881.3580798,570.7135884,310.6444913
,615,18535,14,19271.46792,19877.63127,1342.631266,606.1633443,736.4679219
,616,18558,10,19095.24948,19770.48943,1212.489434,675.2399573,537.2494765
,617,18582,5,18746.53875,19602.63512,1020.635122,856.0963731,164.5387492
,618,18610,32,18950,19392.9763,782.9762973,442.9762973,340
,619,18641,32,18668.01851,19492.73968,851.7396772,824.721165,27.01851217
,620,18678,8,19445.08604,20064.20962,1386.209619,619.1235741,767.0860447
,621,18705,8,18891.5315,19020.8528,315.852804,129.3213053,186.5314987
,622,18727,8,19205.06694,20199.56832,1472.568324,994.5013826,478.0669409
,623,18765,20,19125.62446,20114.44244,1349.44244,988.8179812,360.6244584
,624,18787,9,18884.74457,18965.27406,178.2740628,80.5294977,97.74456507
,625,18823,9,19511.93033,20018.882,1195.882005,506.9516742,688.9303303
,626,18846,24,18999.63919,19331.12222,485.1222189,331.4830312,153.6391877
,627,18870,28,19063.3727,19334.34133,464.34133,270.9686329,193.3726971
,628,18911,10,19298.76926,19501.9293,590.9292967,203.1600354,387.7692613
,629,18956,31,19118.5423,19713.45826,757.4582626,594.9159605,162.5423022
,630,18982,26,19364.95822,19826.89437,844.894365,461.9361428,382.9582223
,631,19012,32,19298.2726,19733.53114,721.5311412,435.2585439,286.2725974
,632,19034,31,19447.02058,20334.29111,1300.291114,887.2705337,413.0205806
,633,19062,11,19127.36819,19367.57643,305.576431,240.208243,65.36818798
,634,19087,11,19298.37644,19852.40983,765.4098339,554.0333925,211.3764414
,635,19112,11,19643.79789,19910.09284,798.0928432,266.2949493,531.7978939
,636,19146,11,19666.25475,19924.95341,778.9534117,258.6986664,520.2547453
,637,19174,11,19408.5549,19889.73054,715.7305412,481.1756436,234.5548976
,638,19214,11,19756.00092,19894.09147,680.0914725,138.09055,542.0009225
,639,19253,11,19906.93731,20478.39159,1225.391591,571.4542851,653.9373059
,640,19291,11,19752.34586,19980.20985,689.2098518,227.8639945,461.3458572
,641,19324,11,20014.75683,20613.87034,1289.870343,599.1135118,690.7568313
,642,19364,11,20164.80022,20737.67019,1373.670193,572.8699678,800.8002248
,643,19398,11,19546.38464,20037.73482,639.7348159,491.3501806,148.3846353
,644,19416,11,19935.02986,20327.25684,911.2568394,392.2269751,519.0298643
,645,19444,14,19655.29127,20582.92589,1138.925895,927.6346263,211.2912682
,646,19471,34,20024.91155,20463.37363,992.3736303,438.462085,553.9115453
,647,19496,9,19768.35638,20001.8173,505.8173017,233.4609175,272.3563842
,648,19532,8,19698.97305,20503.24477,971.244772,804.2717203,166.9730517
,649,19558,10,19681,19803.09013,245.0901306,122.0901306,123
,650,19595,3,19659.88451,19831.15039,236.150388,171.2658752,64.88451279
,651,19623,3,20185.22504,20901.23622,1278.236217,716.0111731,562.2250439
,652,19657,3,20261.79501,20576.9537,919.9536968,315.1586902,604.7950066
,653,19676,3,20027.96733,20652.98733,976.9873277,625.0199997,351.967328
,654,19709,26,19787.29432,20094.9971,385.9970952,307.7027787,78.29431652
,655,19735,9,19917.14829,20370.06992,635.069918,452.9216268,182.1482912
,656,19767,10,19977.34495,20549.85696,782.8569634,572.5120086,210.3449548
,657,19791,11,20136.86269,21003.91344,1212.913438,867.0507482,345.8626895
,658,19814,5,19938.80785,20579.76417,765.7641691,640.9563168,124.8078523
,659,19839,28,20012.34936,20285.10199,446.1019934,272.7526352,173.3493582
,660,19868,28,20316.84853,20874.37341,1006.373414,557.5248873,448.8485268
,661,19894,20,20016.67437,20253.07445,359.0744503,236.4000846,122.6743657
,662,19912,18,20140.60009,20908.40801,996.4080062,767.8079187,228.6000875
,663,19945,34,19978.24154,20099.19194,154.1919433,120.9504031,33.24154028
,664,19976,4,20074.24968,20295.792,319.7920029,221.542321,98.24968193
,665,20002,4,20614.13397,20788.2058,786.2057965,174.0718243,612.1339723
,666,20034,4,20325.49614,20762.10237,728.1023705,436.6062299,291.4961406
,667,20070,4,20464.08755,20626.17395,556.1739504,162.0863967,394.0875537
,668,20097,4,20664.24245,21158.85847,1061.858465,494.6160127,567.2424526
,669,20124,4,20497.42335,21230.58773,1106.587727,733.1643745,373.4233522
,670,20145,4,20870.11034,21756.6931,1611.693102,886.5827655,725.1103364
,671,20170,4,20237.1193,20963.12894,793.1289386,726.0096418,67.11929678
,672,20204,4,20647.38358,21036.69066,832.6906579,389.3070767,443.3835811
,673,20234,4,20958.54123,21087.61873,853.6187303,129.0774961,724.5412342
,674,20267,4,20904.13499,21492.5855,1225.585501,588.4505077,637.1349935
,675,20301,4,20444.89232,21199.27419,898.274187,754.3818662,143.8923209
,676,20336,3,20623.69602,20937.71035,601.710351,314.0143309,287.6960201
,677,20368,34,20701.24165,21439.44556,1071.445555,738.2039014,333.2416541
,678,20392,18,20629.25514,21023.6065,631.6065031,394.3513662,237.2551369
,679,20424,20,20510.92526,21146.82226,722.8222595,635.8970042,86.92525525
,680,20446,14,20773.24914,21320.0983,874.0982971,546.8491565,327.2491406
,681,20483,5,20843.94321,20944.16796,461.1679563,100.2247474,360.9432088
,682,20506,10,20681.85505,21100.54109,594.5410938,418.6860399,175.855054
,683,20537,5,20975.99478,21488.60477,951.604766,512.6099882,438.9947778
,684,20555,24,21175.24914,21544.33992,989.3399182,369.0907747,620.2491435
,685,20579,24,20800.02036,21259.80836,680.8083557,459.7879946,221.0203611
,686,20603,18,20819.71623,21224.83967,621.8396652,405.123438,216.7162272
,687,20633,32,20758.49502,21188.6694,555.6694031,430.1743832,125.4950198
,688,20664,22,20754.08885,21534.93006,870.9300581,780.8412131,90.08884504
,689,20697,22,21056.28958,21510.8223,813.8223039,454.5327271,359.2895768
,690,20733,22,21127.82275,21965.2199,1232.219903,837.3971579,394.822745
,691,20759,22,21379.93639,21768.38072,1009.380723,388.4443332,620.9363897
,692,20787,22,21530.27451,22016.76603,1229.766033,486.491521,743.2745119
,693,20823,22,21305.912,21883.46286,1060.462864,577.5508636,482.9120003
,694,20852,22,21318.00966,21936.0493,1084.049299,618.0396427,466.0096566
,695,20881,22,21164.62123,21254.89304,373.8930381,90.27181177,283.6212263
,696,20918,22,21264.93083,21695.2284,777.2284003,430.2975715,346.9308288
,697,20951,22,21128.07908,21333.72927,382.7292668,205.6501884,177.0790784
,698,20989,22,21839.74673,22507.05925,1518.059251,667.3125205,850.7467308
,699,21019,32,21415.21459,22223.48744,1204.487438,808.27285,396.2145883
,700,21048,22,21586.91094,22227.28661,1179.28661,640.375671,538.9109388
,701,21083,24,21119.24914,21436.175,353.1749968,316.9258588,36.24913792
,702,21112,26,21160.01042,21809.13367,697.1336704,649.1232549,48.01041554
,703,21153,26,21544.46136,21942.38221,789.382211,397.9208464,391.4613646
,704,21190,4,21768.47818,22093.66428,903.6642765,325.1861006,578.4781759
,705,21214,28,21452.66504,21869.83646,655.8364648,417.1714276,238.6650372
,706,21247,24,21458.83484,22150.69682,903.6968218,691.8619805,211.8348413
,707,21267,20,21300.97058,21769.84583,502.8458254,468.8752499,33.9705755
,708,21302,20,21492.71707,21621.79069,319.7906903,129.0736224,190.7170679
,709,21334,34,21354.61553,21706.3896,372.3896034,351.7740752,20.61552813
,710,21370,32,21428.60034,21971.46865,601.4686495,542.8683082,58.6003413
,711,21404,20,21874.53737,22623.47328,1219.473285,748.9359118,470.5373732
,712,21433,18,21661.12277,22027.2061,594.2060978,366.0833238,228.122774
,713,21466,26,21780.5314,22397.67077,931.6707659,617.1393684,314.5313975
,714,21504,34,21559.60576,21699.32333,195.3233274,139.7175723,55.6057551
,715,21526,4,21789.398,22239.5091,713.5090951,450.1110974,263.3979977
,716,21550,5,21917.48333,22466.17086,916.1708579,548.6875249,367.483333
,717,21574,28,21967.19334,22288.74582,714.7458207,321.5524841,393.1933367
,718,21604,9,21699.21029,21887.71228,283.7122829,188.5019894,95.21029356
,719,21630,9,22165.2392,22889.73696,1259.736956,724.4977571,535.2391989
,720,21666,9,21789.6572,21990.76663,324.7666278,201.109423,123.6572048
,721,21704,34,21867.35544,22332.31243,628.3124279,464.9569873,163.3554407
,722,21732,18,21961.08801,22121.67755,389.6775491,160.5895389,229.0880102
,723,21765,33,21824.66574,22810.06312,1045.063117,985.3973818,59.66573556
,724,21791,33,22331.34156,23181.43391,1390.433907,850.0923479,540.3415586
,725,21822,33,22295.76471,22661.49275,839.4927506,365.728041,473.7647095
,726,21852,33,22884.82186,23516.97533,1664.975325,632.1534624,1032.821863
,727,21878,33,22082.78769,22867.92017,989.9201678,785.1324729,204.7876949
,728,21900,11,22044.12495,22213.13678,313.1367797,169.0118339,144.1249458
,729,21924,11,22337.64961,22784.15717,860.1571689,446.5075587,413.6496102
,730,21953,33,22512.65882,22543.46467,590.4646682,30.8058436,559.6588246
,731,21985,32,22078.08598,22671.06575,686.0657453,592.9797636,93.08598176
,732,22013,22,22232.02055,23083.78577,1070.785773,851.7652259,219.020547
,733,22036,9,22101.29931,22739.26248,703.262476,637.9631651,65.29931087
,734,22063,33,22375.49416,22935.01717,872.0171685,559.5230111,312.4941573
,735,22091,28,22214.66487,22770.48948,679.4894823,555.8246126,123.6648697
,736,22122,18,22226.7855,22638.39939,516.3993919,411.6138968,104.7854952
,737,22158,34,22426.90446,23029.99732,871.9973174,603.0928618,268.9044556
,738,22183,11,22517.52354,22810.43308,627.4330841,292.9095424,334.5235418
,739,22207,31,22389.38695,22653.2695,446.2695009,263.8825496,182.3869513
,740,22242,31,23255.89003,23973.95967,1731.959668,718.0696345,1013.890033
,741,22277,10,22349.91776,23042.14099,765.1409918,692.2232299,72.9177619
,742,22315,10,22578.13875,22820.34527,505.3452701,242.2065234,263.1387467
,743,22347,10,22911.00355,23872.99575,1525.99575,961.9922037,564.0035461
,744,22374,26,22649.20356,23083.70788,709.7078763,434.5043153,275.203561
,745,22397,31,22784.57193,23154.87181,757.8718073,370.2998785,387.5719288
,746,22422,21,22511.26926,22759.04536,337.0453642,247.7761086,89.26925563
,747,22455,21,22971.73688,23200.97911,745.9791069,229.24223,516.7368769
,748,22491,21,23053.18591,23672.98265,1181.982653,619.7967409,562.1859123
,749,22524,21,22729.34118,23165.38017,641.3801686,436.0389891,205.3411795
,750,22555,21,22771.45554,23089.07166,534.0716587,317.6161205,216.4555382
,751,22585,21,23100.88565,23314.2445,729.2444989,213.3588526,515.8856462
,752,22603,21,22759.16017,22948.94163,345.9416274,189.7814533,156.1601742
,753,22642,21,23134.22048,23517.69147,875.6914688,383.4709898,492.2204791
,754,22671,21,23115.99438,23588.2242,917.2241989,472.2298169,444.994382
,755,22702,21,23067.12601,23394.93388,692.9338762,327.8078706,365.1260056
,756,22739,21,22916.79201,23467.10556,728.1055603,550.313547,177.7920133
,757,22769,21,23261.68651,23498.22192,729.2219225,236.5354096,492.6865129
,758,22795,21,23309.86892,24012.60927,1217.609266,702.7403503,514.8689154
,759,22836,21,23043.96634,23270.35097,434.3509719,226.3846285,207.9663434
,760,22865,21,23577.63244,23956.88566,1091.885657,379.2532136,712.6324438
,761,22898,21,23343.75554,23670.84115,772.8411541,327.0856157,445.7555384
,762,22928,21,23344.53451,24147.77047,1219.770468,803.2359554,416.5345124
,763,22957,21,23765.13922,24163.16686,1206.166858,398.0276372,808.1392207
,764,22990,21,23446.2324,24159.13141,1169.131408,712.8990111,456.2323969
,765,23020,21,23633.17616,23784.99513,764.9951285,151.8189711,613.1761574
,766,23048,21,23642.22639,24387.35792,1339.35792,745.131532,594.2263878
,767,23075,21,23907.21452,24000.21989,925.2198918,93.00537619,832.2145156
,768,23104,21,24141.18272,24233.37817,1129.378167,92.19544457,1037.182723
,769,23139,21,23923.19959,24756.82601,1617.826007,833.6264151,784.1995919
,770,23163,21,24166.7151,24914.21761,1751.217607,747.5025084,1003.715099
,771,23190,21,23367.58941,24323.74474,1133.744736,956.1553221,177.5894141
,772,23220,31,23610.5701,24551.50155,1331.50155,940.9314534,390.5700961
,773,23255,28,23343.39118,23533.6778,278.6778019,190.2866259,88.39117603
,774,23283,28,23692.0379,24452.14841,1169.148414,760.1105183,409.0378956
,775,23308,33,23377.46222,23960.41419,652.4141905,582.9519706,69.46221995
,776,23326,20,23562.7636,23627.39331,301.3933097,64.62971453,236.7635952
,777,23351,14,23403.61179,24314.3236,963.3235953,910.7118095,52.61178575
,778,23376,14,23693.20025,23935.69561,559.695613,242.4953608,317.2002522
,779,23408,14,23453.31004,24084.30053,676.3005342,630.9904912,45.31004304
,780,23432,14,23771.03687,24459.13933,1027.139334,688.1024633,339.0368712
,781,23464,3,23525.09828,24052.13623,588.1362308,527.0379493,61.09828148
,782,23486,3,24172.88354,24830.07529,1344.075295,657.1917528,686.8835418
,783,23519,3,24395.47704,25299.57493,1780.574932,904.0978929,876.4770391
,784,23555,20,24008.03973,24629.03571,1074.035708,620.9959742,453.0397334
,785,23581,11,23715.34657,23958.74952,377.7495248,243.4029581,134.3465668
,786,23612,11,23661,24447.49857,835.4985696,786.4985696,49
,787,23647,18,23798.15886,23909.41082,262.4108231,111.2519663,151.1588568
,788,23669,18,24079.23895,24440.4508,771.450804,361.2118492,410.2389548
,789,23694,9,24198.53642,24611.92244,917.922439,413.3860181,504.5364209
,790,23728,18,23969.40008,24207.8031,479.803103,238.4030201,241.4000829
,791,23754,33,24098.74628,24566.21821,812.2182078,467.4719243,344.7462835
,792,23789,34,24115.93119,24450.68632,661.6863198,334.7551344,326.9311854
,793,23819,34,23841.02272,24014.92211,195.9221117,173.8993962,22.02271555
,794,23847,26,23990.12233,24785.38895,938.3889473,795.266622,143.1223253
,795,23875,9,24119.96939,24744.52123,869.5212252,624.5518393,244.9693858
,796,23905,8,24089.56977,24586.87853,681.8785272,497.3087572,184.56977
,797,23938,8,24415.3814,25129.86373,1191.863729,714.4823301,477.3813989
,798,23967,8,24679.05688,24856.23476,889.2347565,177.1778767,712.0568798
,799,24002,8,24606.62302,25275.53632,1273.536321,668.9132978,604.623023
,800,24042,11,24468.35783,25169.92251,1127.922511,701.5646798,426.3578309
,801,24071,26,24234.68873,25253.02905,1182.029045,1018.340316,163.688729
,802,24088,22,24233.24806,25177.96442,1089.964423,944.7163595,145.2480637
,803,24117,18,24234.66935,24589.18451,472.1845123,354.5151619,117.6693504
,804,24147,14,24262.67627,24601.0385,454.0385044,338.3622319,115.6762724
,805,24173,20,24398.1444,24934.79419,761.7941908,536.6497927,225.1443981
,806,24217,31,24431.74171,24710.06705,493.0670545,278.3253492,214.7417053
,807,24253,34,24655.58788,25287.63851,1034.638509,632.0506309,402.5878786
,808,24277,5,24395.96218,25073.88327,796.8832657,677.9210869,118.9621789
,809,24311,5,25148.0006,26006.7002,1695.700196,858.6995982,837.0005974
,810,24345,28,24649.13977,24757.1444,412.1444,108.0046295,304.1397705
,811,24375,32,24555.27756,25317.68494,942.6849352,762.4073714,180.2775638
,812,24412,32,24996.70933,25343.68483,931.684833,346.9755035,584.7093295
,813,24434,22,24888.74059,25131.08951,697.0895074,242.348922,454.7405854
,814,24460,9,24869.30005,25735.26079,1275.260787,865.9607381,409.3000491
,815,24484,8,24682.03535,25120.90777,636.9077692,438.8724188,198.0353504
,816,24516,3,24767.62075,25259.68273,743.6827343,492.061988,251.6207464
,817,24552,18,24808.18451,25526.6732,974.6732039,718.4886916,256.1845123
,818,24568,21,24760.89894,25253.97601,685.9760104,493.0770731,192.8989373
,819,24602,32,24824.3803,25264.01879,662.0187927,439.6384879,222.3803049
,820,24622,14,24908.51352,25619.37568,997.3756776,710.8621526,286.513525
,821,24657,33,24795.52076,25593.49945,936.499453,797.9786965,138.5207566
,822,24687,22,24879.62658,25432.39416,745.394164,552.7675823,192.6265818
,823,24719,28,24938.02055,25025.47911,306.4791086,87.45856162,219.020547
,824,24749,28,25022.43555,25497.08279,748.0827895,474.6472374,273.4355521
,825,24776,31,25025.70382,25516.89116,740.8911615,491.187337,249.7038246
,826,24802,20,25038.21177,25690.42646,888.426458,652.2146886,236.2117694
,827,24825,21,25126.92701,25450.238,625.2380018,323.3109958,301.927006
,828,24854,2,24992.7732,25808.32516,954.3251566,815.5519603,138.7731963
,829,24894,2,25339.41778,26089.90096,1195.900959,750.4831777,445.4177814
,830,24934,2,25929.17335,26779.28511,1845.285109,850.1117574,995.1733517
,831,24957,2,25398.97737,25742.79419,785.7941867,343.8168117,441.977375
,832,24987,2,25461.33743,25890.85111,903.8511111,429.5136785,474.3374326
,833,25019,2,25490.70542,26025.99226,1006.992256,535.286839,471.7054165
,834,25051,15,25167.67476,25895.98788,844.9878811,728.3131195,116.6747616
,835,25074,15,25661.88179,26192.92793,1118.927928,531.0461374,587.8817908
,836,25102,15,25736.28464,26420.64784,1318.647844,684.3632077,634.2846364
,837,25131,15,25271.08926,25403.4675,272.4675032,132.3782459,140.0892573
,838,25158,15,25621.90732,26137.58939,979.5893909,515.6820726,463.9073183
,839,25182,15,25901.13629,26584.481,1402.481003,683.3447154,719.1362875
,840,25209,15,25565.88654,25995.08346,786.0834611,429.1969245,356.8865366
,841,25231,15,25958.26955,26944.97315,1713.973154,986.7036029,727.2695511
,842,25258,15,25953.6903,26289.87627,1031.876265,336.1859604,695.6903047
,843,25289,32,25307.38478,25698.09311,409.0931074,390.7083311,18.38477631
,844,25320,26,25387.89698,26178.96019,858.9601894,791.0632086,67.89698079
,845,25348,5,25744.91939,26145.60131,797.601306,400.6819187,396.9193873
,846,25376,31,25391.52417,26217.03008,841.0300802,825.5059055,15.5241747
,847,25414,15,25838.67517,26685.89238,1271.892379,847.2172095,424.67517
,848,25447,28,25625.39881,25856.48537,409.4853695,231.0865639,178.3988057
,849,25481,22,25652.49344,26206.3752,725.3751964,553.8817563,171.4934401
,850,25513,21,25693.05555,26431.66505,918.6650514,738.6095044,180.055547
,851,25546,6,25629.38465,25836.48366,290.483661,207.0990101,83.38465087
,852,25578,6,26438.18835,26571.51877,993.5187681,133.3304166,860.1883515
,853,25601,6,26233.06091,26786.26702,1185.267025,553.2061099,632.0609148
,854,25636,6,25772.62357,26173.29426,537.2942582,400.6706877,136.6235704
,855,25670,6,26070.55087,26906.26972,1236.269723,835.7188522,400.5508707
,856,25694,6,26345.23421,26719.47077,1025.470769,374.2365562,651.2342129
,857,25731,6,26548.48517,26605.80009,874.8000876,57.31491952,817.4851681
,858,25770,6,26012.0124,26363.08219,593.08219,351.0697936,242.0123964
,859,25802,6,25972.95029,26312.98705,510.9870479,340.0367627,170.9502852
,860,25827,6,26084.39075,26472.56211,645.5621074,388.1713539,257.3907535
,861,25859,2,26375.462,26727.10529,868.1052876,351.6432852,516.4620025
,862,25880,5,26428.82055,26825.68955,945.6895496,396.868996,548.8205536
,863,25910,6,26092.27452,26420.29891,510.2989076,328.0243893,182.2745182
,864,25939,28,26313.59845,27071.09169,1132.091686,757.4932343,374.5984517
,865,25970,20,26184.25452,27018.04886,1048.048861,833.7943392,214.2545215
,866,25995,6,26300.72722,26908.88017,913.8801657,608.1529413,305.7272244
,867,26037,26,26507.21803,26964.80518,927.8051847,457.5871502,470.2180345
,868,26074,4,26365.02921,27138.43725,1064.437251,773.4080424,291.0292082
,869,26109,4,26747.78948,27262.27758,1153.277575,514.4880951,638.7894802
,870,26138,4,26659.52948,27101.6392,963.6391963,442.1097149,521.5294814
,871,26164,4,27058.49259,27265.53124,1101.531237,207.0386437,894.4925936
,872,26184,11,26337.55129,26915.80124,731.8012403,578.249946,153.5512944
,873,26220,8,26914.82156,27699.33415,1479.334147,784.5125875,694.8215598
,874,26252,32,26438.14242,26633.87693,381.8769327,195.7345141,186.1424186
,875,26280,34,26324.92215,26687.15551,407.1555051,362.2333502,44.92215489
,876,26306,34,26903.09714,27899.49516,1593.495157,996.3980128,597.0971445
,877,26338,11,26724.87466,26968.72707,630.7270711,243.8524144,386.8746567
,878,26370,32,26734.24717,27461.15432,1091.154316,726.9071468,364.2471688
,879,26397,2,26594.03748,27532.9837,1135.9837,938.9462178,197.0374817
,880,26425,15,26807.41339,26896.01361,471.0136146,88.60022573,382.4133889
,881,26451,11,26598.1054,27251.31441,800.3144062,653.2090018,147.1054044
,882,26488,8,26748.49952,27370.58151,882.5815083,622.0819882,260.4995202
,883,26517,14,26766.57564,27150.08574,633.085744,383.5101042,249.5756398
,884,26546,14,26611.00769,27361.64809,815.6480851,750.6403933,65.00769185
,885,26571,15,26872.74529,27594.09126,1023.091257,721.3459642,301.745293
,886,26592,21,26684.64988,27594.85974,1002.859744,910.2098659,92.64987858
,887,26622,17,26796.82849,27456.90424,834.9042406,660.0757532,174.8284874
,888,26642,17,26986.47206,27380.72705,738.7270535,394.2549936,344.4720598
,889,26671,17,27118.23596,27936.46392,1265.463919,818.2279633,447.2359556
,890,26707,17,27211.77718,27422.38582,715.3858204,210.6086418,504.7771786
,891,26725,17,27343.02589,28087.78692,1362.786925,744.7610355,618.0258894
,892,26759,17,27180.15318,27918.69905,1159.699047,738.5458686,421.1531788
,893,26790,17,27244.76258,27619.73591,829.7359078,374.9733324,454.7625754
,894,26812,17,27051.79366,28046.41118,1234.411176,994.6175144,239.7936613
,895,26842,17,27532.01159,27894.14969,1052.149689,362.1380952,690.0115941
,896,26872,4,27087.23243,27830.86944,958.8694407,743.6370082,215.2324325
,897,26902,17,27603.17116,27802.42226,900.422261,199.2510979,701.1711631
,898,26930,14,27274.206,27986.11752,1056.117515,711.9115114,344.2060039
,899,26949,0,27208.78838,27651.61227,702.6122682,442.8238928,259.7883754
,900,26979,0,27569.08135,27899.62333,920.6233295,330.5419792,590.0813503
,901,27009,0,28004.20701,28420.41009,1411.410089,416.2030754,995.2070136
,902,27027,0,27393.89508,28119.69533,1092.695328,725.800248,366.8950804
,903,27057,0,27832.32767,28136.35728,1079.357276,304.0296038,775.3276727
,904,27090,0,27407.18922,27679.5199,589.5198993,272.3306813,317.189218
,905,27116,0,27578.39053,28654.61077,1538.610765,1076.220238,462.3905276
,906,27152,0,28031.01422,28992.53385,1840.533851,961.5196306,879.0142206
,907,27186,0,27498.43079,27620.23391,434.2339122,121.8031198,312.4307923
,908,27208,0,27523.35694,27776.95899,568.9589911,253.6020505,315.3569406
,909,27238,0,27339.76935,28105.04707,867.0470744,765.2777274,101.7693471
,910,27270,0,28037.71153,28493.7521,1223.752103,456.0405684,767.7115344
,911,27296,0,27490.20093,27508.3117,212.3116972,18.11077028,194.2009269
,912,27310,0,27475.52945,28003.67053,693.6705332,528.1410796,165.5294536
,913,27334,0,28117.01596,28984.38901,1650.38901,867.3730455,783.0159641
,914,27366,0,28078.44509,28448.64098,1082.64098,370.1958941,712.4450856
,915,27391,0,27702.49478,28237.046,846.0459969,534.5512136,311.4947833
,916,27424,0,27462.83298,27820.7785,396.7785023,357.9455266,38.83297568
,917,27458,34,27557.36297,28479.17911,1021.179113,921.8161422,99.36297097
,918,27491,0,27727.2795,28355.20067,864.2006689,627.9211734,236.2794955
,919,27521,8,27796.61023,27960.80524,439.805238,164.195006,275.610232
,920,27542,17,27705.62457,28188.77362,646.7736156,483.1490453,163.6245703
,921,27575,26,27807.22834,28199.64903,624.6490285,392.4206926,232.2283359
,922,27609,18,27727.10588,27742.13918,133.1391811,15.03329638,118.1058847
,923,27638,18,27892.71945,28127.97676,489.9767595,235.2573059,254.7194535
,924,27676,18,28168.20524,28536.6072,860.6071961,368.4019544,492.2052417
,925,27714,18,28416.49626,29292.30903,1578.309029,875.8127654,702.4962633
,926,27736,26,28093.99721,28607.72573,871.7257342,513.7285275,357.9972067
,927,27768,32,27951.83144,28254.38888,486.3888771,302.5574326,183.8314445
,928,27795,20,27942.08501,28844.87458,1049.874575,902.7895657,147.0850094
,929,27825,6,28013.80943,28392.21265,567.2126518,378.4032241,188.8094277
,930,27855,32,28127.80029,29056.82667,1201.826665,929.0263721,272.8002933
,931,27888,6,28345.52596,28775.67942,887.6794165,430.153461,457.5259555
,932,27913,23,28124.28654,28348.4695,435.4694963,224.182961,211.2865353
,933,27930,23,28608.00295,28837.10773,907.1077294,229.1047795,678.0029498
,934,27964,23,28208.66303,29156.90984,1192.909837,948.2468033,244.6630336
,935,27994,23,28781.155,29546.30205,1552.302048,765.1470447,787.1550038
,936,28022,23,28855.56164,29384.4898,1362.489797,528.9281615,833.5616354
,937,28042,23,28928.35546,29206.78139,1164.781392,278.4259327,886.3554592
,938,28066,23,28488.05805,29228.21006,1162.210064,740.1520114,422.0580529
,939,28093,23,28880.12134,29475.49181,1382.49181,595.3704729,787.1213375
,940,28115,23,28826.46188,28918.54879,803.5487908,92.08691547,711.4618753
,941,28150,23,28340.7092,29051.87726,901.877256,711.1680533,190.7092027
,942,28187,23,28237.24938,28873.70283,686.7028328,636.4534547,50.24937811
,943,28214,5,28262.83646,28681.86987,467.8698733,419.0334116,48.83646179
,944,28249,5,28618.04336,29042.63375,793.6337487,424.5903908,369.0433579
,945,28287,5,28706.77732,29008.04962,721.049624,301.2723021,419.7773219
,946,28319,0,28563.81217,29399.54538,1080.545384,835.733211,244.8121729
,947,28354,20,28536.01648,28744.82261,390.8226129,208.8061302,182.0164828
,948,28383,6,28547.76954,28920.60864,537.6086434,372.8391074,164.769536
,949,28407,20,28451.04543,29151.94913,744.9491335,700.9037024,44.04543109
,950,28441,34,28580.51702,29338.05844,897.0584421,757.541418,139.5170241
,951,28468,21,28784.83592,29510.37158,1042.371584,725.5356642,316.8359197
,952,28503,17,28692.56002,29268.62425,765.6242494,576.0642325,189.5600169
,953,28533,26,28673.89003,29467.26888,934.2688783,793.3788502,140.890028
,954,28575,15,28681.21205,28916.5841,341.584098,235.3720459,106.212052
,955,28608,15,28709.55294,29117.88859,509.8885881,408.3356463,101.5529419
,956,28647,15,28953.41475,29188.24448,541.2444771,234.8297255,306.4147516
,957,28672,21,28975.64453,29649.32175,977.3217514,673.6772224,303.644529
,958,28699,31,29004.10326,29617.8915,918.8914983,613.7882371,305.1032612
,959,28727,31,29276.00364,29952.39406,1225.394063,676.3904198,549.003643
,960,28757,2,28921.14932,29577.79839,820.7983914,656.6490691,164.1493223
,961,28781,2,29087.3152,29804.71606,1023.716061,717.4008642,306.3151971
,962,28814,31,28952.351,29574.23524,760.2352365,621.8842336,138.3510029
,963,28838,23,28978.80128,29552.39085,714.3908529,573.5895745,140.8012784
,964,28879,18,29010.85598,29608.02597,729.0259746,597.1699925,131.855982
,965,28910,5,29103.68015,29845.92135,935.9213494,742.2412007,193.6801487
,966,28942,0,29391.75549,29861.02833,919.0283309,469.2728417,449.7554891
,967,28968,34,29181.60009,29728.73262,760.7326187,547.1325251,213.6000936
,968,29000,31,29241.26433,29973.4617,973.4617043,732.1973778,241.2643265
,969,29023,15,29345.14903,29566.00645,543.0064539,220.8574201,322.1490338
,970,29052,14,29075.34524,30299.49596,1247.495961,1224.150726,23.34523506
,971,29072,6,29503.91203,30333.24489,1261.244892,829.3328644,431.9120281
,972,29103,20,29398.33202,29502.35125,399.3512455,104.019229,295.3320166
,973,29137,17,29509.82838,30195.56958,1058.569584,685.7412048,372.8283787
,974,29165,18,29464.24073,29961.42178,796.4217828,497.1810535,299.2407293
,975,29193,23,29564.12335,29624.12335,431.1233516,60,371.1233516
,976,29229,11,29599.88003,29734.34564,505.3456435,134.465609,370.8800345
,977,29261,11,29830.56914,29927.61552,666.6155161,97.04638066,569.5691354
,978,29287,11,30003.88563,30561.23112,1274.23112,557.3454943,716.8856255
,979,29314,20,29645.88703,30019.48708,705.4870825,373.6000535,331.887029
,980,29338,24,29875.26902,30710.94479,1372.944795,835.6757744,537.2690201
,981,29367,24,29798.51941,30082.09127,715.091269,283.5718604,431.5194086
,982,29395,24,29610.23243,29989.35247,594.3524663,379.1200338,215.2324325
,983,29418,24,29680.60617,29764.92105,346.921055,84.31488599,262.606169
,984,29440,24,29712.53073,30144.18453,704.1845287,431.6537965,272.5307322
,985,29471,24,30139.7122,30960.29248,1489.292478,820.5802825,668.7121952
,986,29502,24,30148.30411,30492.36515,990.3651491,344.0610411,646.304108
,987,29531,24,30227.83068,30446.07825,915.0782483,218.2475659,696.8306824
,988,29567,24,29968.32904,30277.86418,710.8641774,309.5351353,401.3290421
,989,29600,2,30017.48054,30634.3152,1034.3152,616.8346618,417.4805385
,990,29628,11,29640.16553,30134.46301,506.4630063,494.2974813,12.16552506
,991,29660,5,29832.49058,30684.18653,1024.186535,851.6959551,172.4905795
,992,29695,15,29893.25236,30583.27048,888.2704801,690.0181157,198.2523644
,993,29733,10,29812.81228,30400.86755,667.8675493,588.0552695,79.81227976
,994,29770,10,30262.03658,31215.41584,1445.415837,953.379253,492.036584
,995,29796,10,30676.16589,31159.43497,1363.43497,483.2690762,880.1658935
,996,29824,10,30354.21977,30392.82028,568.8202839,38.60051813,530.2197658
,997,29852,10,30343.19039,30531.88326,679.8832629,188.6928721,491.1903908
,998,29876,10,30260.55169,30881.70948,1005.709477,621.1577899,384.551687
,999,29906,10,30175.02974,30548.05119,642.0511852,373.0214471,269.0297381